{
    "function": "bin.ensemble.main",
    "config": {
        "seeds": [
            5,
            6,
            7,
            8,
            9
        ]
    },
    "single_model_function": "bin.catboost_.main",
    "data": ":data/black-friday",
    "prediction_type": null,
    "metrics": {
        "train": {
            "rmse": 0.6698725989828505,
            "mae": 0.5192896506461214,
            "r2": 0.5505099369492066,
            "score": -0.6698725989828505
        },
        "val": {
            "rmse": 0.6840209914596656,
            "mae": 0.5297201687218661,
            "r2": 0.5307832023367132,
            "score": -0.6840209914596656
        },
        "test": {
            "rmse": 0.6842369856932126,
            "mae": 0.5309096665206782,
            "r2": 0.5353548441424598,
            "score": -0.6842369856932126
        }
    }
}
