{
    "function": "bin.ensemble.main",
    "config": {
        "seeds": [
            10,
            11,
            12,
            13,
            14
        ]
    },
    "single_model_function": "bin.anp.main",
    "data": ":data/diamond",
    "prediction_type": null,
    "metrics": {
        "train": {
            "rmse": 0.12632245370540984,
            "mae": 0.07016845418599577,
            "r2": 0.9839672966205792,
            "score": -0.12632245370540984
        },
        "val": {
            "rmse": 0.13488854145125417,
            "mae": 0.07223780257109352,
            "r2": 0.9822267284124242,
            "score": -0.13488854145125417
        },
        "test": {
            "rmse": 0.1372507580793898,
            "mae": 0.07231280022056728,
            "r2": 0.9810865844410898,
            "score": -0.1372507580793898
        }
    }
}
