{
    "function": "bin.ensemble.main",
    "config": {
        "seeds": [
            0,
            1,
            2,
            3,
            4
        ]
    },
    "single_model_function": "bin.anp.main",
    "data": ":data/house",
    "prediction_type": null,
    "metrics": {
        "train": {
            "rmse": 23684.55465348776,
            "mae": 12243.849518192641,
            "r2": 0.793425945152941,
            "score": -23684.55465348776
        },
        "val": {
            "rmse": 27336.492418182163,
            "mae": 13716.322549243341,
            "r2": 0.749231984315567,
            "score": -27336.492418182163
        },
        "test": {
            "rmse": 30195.07954430118,
            "mae": 14307.254901857814,
            "r2": 0.6841795709435363,
            "score": -30195.07954430118
        }
    }
}
