{
    "function": "bin.ensemble.main",
    "config": {
        "seeds": [
            10,
            11,
            12,
            13,
            14
        ]
    },
    "single_model_function": "bin.catboost_.main",
    "data": ":data/churn",
    "prediction_type": "probs",
    "metrics": {
        "train": {
            "0": {
                "precision": 0.8768115942028986,
                "recall": 0.9735086342229199,
                "f1-score": 0.9226334387204761,
                "support": 5096
            },
            "1": {
                "precision": 0.8180592991913747,
                "recall": 0.46549079754601225,
                "f1-score": 0.5933528836754642,
                "support": 1304
            },
            "accuracy": 0.87,
            "macro avg": {
                "precision": 0.8474354466971366,
                "recall": 0.719499715884466,
                "f1-score": 0.7579931611979702,
                "support": 6400
            },
            "weighted avg": {
                "precision": 0.8648408140943005,
                "recall": 0.87,
                "f1-score": 0.8555425256300551,
                "support": 6400
            },
            "cross-entropy": 0.31989432983843363,
            "roc-auc": 0.8867638578555537,
            "score": 0.87
        },
        "val": {
            "0": {
                "precision": 0.8769338959212377,
                "recall": 0.978806907378336,
                "f1-score": 0.9250741839762611,
                "support": 1274
            },
            "1": {
                "precision": 0.848314606741573,
                "recall": 0.46319018404907975,
                "f1-score": 0.5992063492063492,
                "support": 326
            },
            "accuracy": 0.87375,
            "macro avg": {
                "precision": 0.8626242513314053,
                "recall": 0.7209985457137078,
                "f1-score": 0.7621402665913051,
                "support": 1600
            },
            "weighted avg": {
                "precision": 0.871102715750881,
                "recall": 0.87375,
                "f1-score": 0.8586786126418916,
                "support": 1600
            },
            "cross-entropy": 0.33270839452068435,
            "roc-auc": 0.8698991630630545,
            "score": 0.87375
        },
        "test": {
            "0": {
                "precision": 0.8662207357859532,
                "recall": 0.975517890772128,
                "f1-score": 0.9176262178919398,
                "support": 1593
            },
            "1": {
                "precision": 0.8106796116504854,
                "recall": 0.4103194103194103,
                "f1-score": 0.5448613376835237,
                "support": 407
            },
            "accuracy": 0.8605,
            "macro avg": {
                "precision": 0.8384501737182193,
                "recall": 0.6929186505457692,
                "f1-score": 0.7312437777877318,
                "support": 2000
            },
            "weighted avg": {
                "precision": 0.8549181170243855,
                "recall": 0.8605,
                "f1-score": 0.8417685647695271,
                "support": 2000
            },
            "cross-entropy": 0.3402648503975633,
            "roc-auc": 0.8625667269735067,
            "score": 0.8605
        }
    }
}
