{
    "function": "bin.ensemble.main",
    "config": {
        "seeds": [
            0,
            1,
            2,
            3,
            4
        ]
    },
    "single_model_function": "bin.anp.main",
    "data": ":data/weather-small",
    "prediction_type": null,
    "metrics": {
        "train": {
            "rmse": 1.6137015332804674,
            "mae": 1.212818939733097,
            "r2": 0.9753046560861632,
            "score": -1.6137015332804674
        },
        "val": {
            "rmse": 1.8388061376885785,
            "mae": 1.3641451140061207,
            "r2": 0.9679170645189173,
            "score": -1.8388061376885785
        },
        "test": {
            "rmse": 1.83829293479719,
            "mae": 1.3605953046439936,
            "r2": 0.9680210915456072,
            "score": -1.83829293479719
        }
    }
}
