{
    "function": "bin.ensemble.main",
    "config": {
        "seeds": [
            5,
            6,
            7,
            8,
            9
        ]
    },
    "single_model_function": "bin.anp.main",
    "data": ":data/house",
    "prediction_type": null,
    "metrics": {
        "train": {
            "rmse": 22269.241044897608,
            "mae": 11884.847689324175,
            "r2": 0.8173766965709336,
            "score": -22269.241044897608
        },
        "val": {
            "rmse": 27855.391658850585,
            "mae": 13954.910098598688,
            "r2": 0.7396215186457411,
            "score": -27855.391658850585
        },
        "test": {
            "rmse": 30115.896179830284,
            "mae": 14595.660267029423,
            "r2": 0.6858338185780464,
            "score": -30115.896179830284
        }
    }
}
