{
    "function": "bin.ensemble.main",
    "config": {
        "seeds": [
            0,
            1,
            2,
            3,
            4
        ]
    },
    "single_model_function": "bin.catboost_.main",
    "data": ":data/california",
    "prediction_type": null,
    "metrics": {
        "train": {
            "rmse": 0.12565481409105378,
            "mae": 0.09113574473522265,
            "r2": 0.9882780355541644,
            "score": -0.12565481409105378
        },
        "val": {
            "rmse": 0.42889657062739023,
            "mae": 0.2740540716579205,
            "r2": 0.8589182111912762,
            "score": -0.42889657062739023
        },
        "test": {
            "rmse": 0.4267863603759185,
            "mae": 0.276701056025657,
            "r2": 0.8603121971581325,
            "score": -0.4267863603759185
        }
    }
}
