{
    "function": "bin.ensemble.main",
    "config": {
        "seeds": [
            5,
            6,
            7,
            8,
            9
        ]
    },
    "single_model_function": "bin.catboost_.main",
    "data": ":data/california",
    "prediction_type": null,
    "metrics": {
        "train": {
            "rmse": 0.12364993904391697,
            "mae": 0.0897379044337464,
            "r2": 0.9886491091093339,
            "score": -0.12364993904391697
        },
        "val": {
            "rmse": 0.43019427622932466,
            "mae": 0.2742070651963172,
            "r2": 0.8580631817257247,
            "score": -0.43019427622932466
        },
        "test": {
            "rmse": 0.4263510311637303,
            "mae": 0.2757765343607596,
            "r2": 0.86059701960377,
            "score": -0.4263510311637303
        }
    }
}
