{
    "function": "bin.tune.main",
    "gpus": [],
    "config": {
        "seed": 0,
        "function": "bin.catboost_.main",
        "n_trials": 200,
        "timeout": null,
        "sampler": {
            "n_startup_trials": 20
        },
        "space": {
            "seed": 0,
            "data": {
                "seed": 0,
                "num_policy": null,
                "cat_policy": null,
                "cache": true,
                "path": ":data/churn",
                "y_policy": null
            },
            "model": {
                "iterations": 4000,
                "early_stopping_rounds": 200,
                "od_pval": 0.001,
                "bagging_temperature": [
                    "_tune_",
                    "uniform",
                    0.0,
                    1.0
                ],
                "depth": [
                    "_tune_",
                    "int",
                    3,
                    14
                ],
                "l2_leaf_reg": [
                    "_tune_",
                    "uniform",
                    0.1,
                    10.0
                ],
                "leaf_estimation_iterations": [
                    "_tune_",
                    "int",
                    1,
                    10
                ],
                "learning_rate": [
                    "_tune_",
                    "loguniform",
                    0.001,
                    1.0
                ],
                "task_type": "CPU",
                "thread_count": 4
            },
            "fit": {
                "logging_level": "Verbose"
            }
        }
    },
    "best": {
        "function": "bin.catboost_.main",
        "gpus": [],
        "config": {
            "seed": 0,
            "data": {
                "seed": 0,
                "num_policy": null,
                "cat_policy": null,
                "cache": true,
                "path": ":data/churn",
                "y_policy": null
            },
            "model": {
                "iterations": 4000,
                "early_stopping_rounds": 200,
                "od_pval": 0.001,
                "bagging_temperature": 0.44710392013326755,
                "depth": 8,
                "l2_leaf_reg": 7.436182440008637,
                "leaf_estimation_iterations": 2,
                "learning_rate": 0.03782623682511545,
                "task_type": "CPU",
                "thread_count": 4
            },
            "fit": {
                "logging_level": "Verbose"
            }
        },
        "prediction_type": "probs",
        "time": "0:00:02",
        "best_iteration": 121,
        "metrics": {
            "train": {
                "0": {
                    "precision": 0.8778152154637348,
                    "recall": 0.9713500784929356,
                    "f1-score": 0.9222170470423848,
                    "support": 5096
                },
                "1": {
                    "precision": 0.8081471747700394,
                    "recall": 0.47162576687116564,
                    "f1-score": 0.5956416464891041,
                    "support": 1304
                },
                "accuracy": 0.86953125,
                "macro avg": {
                    "precision": 0.8429811951168871,
                    "recall": 0.7214879226820506,
                    "f1-score": 0.7589293467657445,
                    "support": 6400
                },
                "weighted avg": {
                    "precision": 0.8636203521723944,
                    "recall": 0.86953125,
                    "f1-score": 0.8556773091796539,
                    "support": 6400
                },
                "cross-entropy": 0.3178233664037878,
                "roc-auc": 0.8886216694676927,
                "score": 0.86953125
            },
            "val": {
                "0": {
                    "precision": 0.8795774647887324,
                    "recall": 0.9803767660910518,
                    "f1-score": 0.92724573125464,
                    "support": 1274
                },
                "1": {
                    "precision": 0.8611111111111112,
                    "recall": 0.4754601226993865,
                    "f1-score": 0.6126482213438735,
                    "support": 326
                },
                "accuracy": 0.8775,
                "macro avg": {
                    "precision": 0.8703442879499218,
                    "recall": 0.7279184443952191,
                    "f1-score": 0.7699469762992568,
                    "support": 1600
                },
                "weighted avg": {
                    "precision": 0.8758149452269172,
                    "recall": 0.8775,
                    "f1-score": 0.8631464886103214,
                    "support": 1600
                },
                "cross-entropy": 0.3337684506626975,
                "roc-auc": 0.8675010353362675,
                "score": 0.8775
            },
            "test": {
                "0": {
                    "precision": 0.8670391061452514,
                    "recall": 0.9742623979912115,
                    "f1-score": 0.9175288205734555,
                    "support": 1593
                },
                "1": {
                    "precision": 0.8047619047619048,
                    "recall": 0.4152334152334152,
                    "f1-score": 0.5478119935170178,
                    "support": 407
                },
                "accuracy": 0.8605,
                "macro avg": {
                    "precision": 0.8359005054535781,
                    "recall": 0.6947479066123133,
                    "f1-score": 0.7326704070452367,
                    "support": 2000
                },
                "weighted avg": {
                    "precision": 0.8543656956637403,
                    "recall": 0.8605,
                    "f1-score": 0.8422914462674704,
                    "support": 2000
                },
                "cross-entropy": 0.3425006622597017,
                "roc-auc": 0.861049030540556,
                "score": 0.8605
            }
        },
        "trial_id": 197,
        "tuning_time": "0:12:39"
    },
    "time": "0:12:43",
    "n_completed_trials": 200
}
