{
    "function": "bin.ensemble.main",
    "config": {
        "seeds": [
            10,
            11,
            12,
            13,
            14
        ]
    },
    "single_model_function": "bin.catboost_.main",
    "data": ":data/adult",
    "prediction_type": "probs",
    "metrics": {
        "train": {
            "0": {
                "precision": 0.9098487038643153,
                "recall": 0.9548925410872313,
                "f1-score": 0.9318265933035603,
                "support": 19775
            },
            "1": {
                "precision": 0.831507366830374,
                "recall": 0.7017376056113502,
                "f1-score": 0.7611308031468833,
                "support": 6273
            },
            "accuracy": 0.893926597051597,
            "macro avg": {
                "precision": 0.8706780353473447,
                "recall": 0.8283150733492908,
                "f1-score": 0.8464786982252218,
                "support": 26048
            },
            "weighted avg": {
                "precision": 0.890982180245845,
                "recall": 0.893926597051597,
                "f1-score": 0.890718842549075,
                "support": 26048
            },
            "cross-entropy": 0.24241724597445835,
            "roc-auc": 0.9479986126402501,
            "score": 0.893926597051597
        },
        "val": {
            "0": {
                "precision": 0.896113889957676,
                "recall": 0.9419615773508595,
                "f1-score": 0.9184659370994775,
                "support": 4945
            },
            "1": {
                "precision": 0.7817490494296578,
                "recall": 0.6556122448979592,
                "f1-score": 0.7131460284425946,
                "support": 1568
            },
            "accuracy": 0.8730231844004299,
            "macro avg": {
                "precision": 0.8389314696936669,
                "recall": 0.7987869111244094,
                "f1-score": 0.815805982771036,
                "support": 6513
            },
            "weighted avg": {
                "precision": 0.8685806380080472,
                "recall": 0.8730231844004299,
                "f1-score": 0.8690353188323208,
                "support": 6513
            },
            "cross-entropy": 0.2737999835453917,
            "roc-auc": 0.9311192247374177,
            "score": 0.8730231844004299
        },
        "test": {
            "0": {
                "precision": 0.897608828939301,
                "recall": 0.9418576598311218,
                "f1-score": 0.9192010359847742,
                "support": 12435
            },
            "1": {
                "precision": 0.7763686978038973,
                "recall": 0.6526261050442018,
                "f1-score": 0.7091397089984461,
                "support": 3846
            },
            "accuracy": 0.8735335667342301,
            "macro avg": {
                "precision": 0.8369887633715991,
                "recall": 0.7972418824376618,
                "f1-score": 0.8141703724916102,
                "support": 16281
            },
            "weighted avg": {
                "precision": 0.8689687242561266,
                "recall": 0.8735335667342301,
                "f1-score": 0.869579030973447,
                "support": 16281
            },
            "cross-entropy": 0.27599841326895275,
            "roc-auc": 0.9278684207279833,
            "score": 0.8735335667342301
        }
    }
}
