{
    "function": "bin.ensemble.main",
    "config": {
        "seeds": [
            0,
            1,
            2,
            3,
            4
        ]
    },
    "single_model_function": "bin.catboost_.main",
    "data": ":data/black-friday",
    "prediction_type": null,
    "metrics": {
        "train": {
            "rmse": 0.670196008390014,
            "mae": 0.5193995044483425,
            "r2": 0.5500758113956641,
            "score": -0.670196008390014
        },
        "val": {
            "rmse": 0.6842297287978599,
            "mae": 0.5298604744441939,
            "r2": 0.5304967841979041,
            "score": -0.6842297287978599
        },
        "test": {
            "rmse": 0.6843299208045834,
            "mae": 0.5308836741717475,
            "r2": 0.5352286165845981,
            "score": -0.6843299208045834
        }
    }
}
