{
    "function": "bin.ensemble.main",
    "config": {
        "seeds": [
            10,
            11,
            12,
            13,
            14
        ]
    },
    "single_model_function": "bin.catboost_.main",
    "data": ":data/adult",
    "prediction_type": "probs",
    "metrics": {
        "train": {
            "0": {
                "precision": 0.9122503008423586,
                "recall": 0.9583817951959545,
                "f1-score": 0.934747225647349,
                "support": 19775
            },
            "1": {
                "precision": 0.8439218661103736,
                "recall": 0.7093894468356449,
                "f1-score": 0.7708297245799413,
                "support": 6273
            },
            "accuracy": 0.8984183046683046,
            "macro avg": {
                "precision": 0.8780860834763661,
                "recall": 0.8338856210157997,
                "f1-score": 0.8527884751136452,
                "support": 26048
            },
            "weighted avg": {
                "precision": 0.8957951307304981,
                "recall": 0.8984183046683046,
                "f1-score": 0.8952718538646459,
                "support": 26048
            },
            "cross-entropy": 0.23636320896461677,
            "roc-auc": 0.9519989971670373,
            "score": 0.8984183046683046
        },
        "val": {
            "0": {
                "precision": 0.8963391136801542,
                "recall": 0.9407482305358948,
                "f1-score": 0.9180069067587568,
                "support": 4945
            },
            "1": {
                "precision": 0.7785336356764928,
                "recall": 0.6568877551020408,
                "f1-score": 0.7125562089242476,
                "support": 1568
            },
            "accuracy": 0.8724090280976509,
            "macro avg": {
                "precision": 0.8374363746783235,
                "recall": 0.7988179928189678,
                "f1-score": 0.8152815578415022,
                "support": 6513
            },
            "weighted avg": {
                "precision": 0.8679775307675577,
                "recall": 0.8724090280976509,
                "f1-score": 0.8685448010924725,
                "support": 6513
            },
            "cross-entropy": 0.2770405508156977,
            "roc-auc": 0.9296389106704359,
            "score": 0.8724090280976509
        },
        "test": {
            "0": {
                "precision": 0.8962141491395793,
                "recall": 0.9423401688781665,
                "f1-score": 0.9186985495883967,
                "support": 12435
            },
            "1": {
                "precision": 0.7763568309419838,
                "recall": 0.6471658866354654,
                "f1-score": 0.7058990357345434,
                "support": 3846
            },
            "accuracy": 0.8726122474049506,
            "macro avg": {
                "precision": 0.8362854900407816,
                "recall": 0.794753027756816,
                "f1-score": 0.81229879266147,
                "support": 16281
            },
            "weighted avg": {
                "precision": 0.8679007012071456,
                "recall": 0.8726122474049506,
                "f1-score": 0.8684297128902874,
                "support": 16281
            },
            "cross-entropy": 0.279190108558004,
            "roc-auc": 0.9261065601449953,
            "score": 0.8726122474049506
        }
    }
}
