{
    "function": "bin.ensemble.main",
    "config": {
        "seeds": [
            0,
            1,
            2,
            3,
            4
        ]
    },
    "single_model_function": "bin.catboost_.main",
    "data": ":data/covtype",
    "prediction_type": "probs",
    "metrics": {
        "train": {
            "0": {
                "precision": 0.9999926241176601,
                "recall": 0.9999852483441266,
                "f1-score": 0.9999889362172928,
                "support": 135578
            },
            "1": {
                "precision": 0.9999889693513427,
                "recall": 0.9999944846452524,
                "f1-score": 0.9999917269906928,
                "support": 181312
            },
            "2": {
                "precision": 1.0,
                "recall": 1.0,
                "f1-score": 1.0,
                "support": 22882
            },
            "3": {
                "precision": 1.0,
                "recall": 1.0,
                "f1-score": 1.0,
                "support": 1759
            },
            "4": {
                "precision": 1.0,
                "recall": 1.0,
                "f1-score": 1.0,
                "support": 6075
            },
            "5": {
                "precision": 1.0,
                "recall": 1.0,
                "f1-score": 1.0,
                "support": 11115
            },
            "6": {
                "precision": 1.0,
                "recall": 1.0,
                "f1-score": 1.0,
                "support": 13126
            },
            "accuracy": 0.9999919321656487,
            "macro avg": {
                "precision": 0.9999973704955718,
                "recall": 0.9999971047127685,
                "f1-score": 0.9999972376011408,
                "support": 371847
            },
            "weighted avg": {
                "precision": 0.9999919321754774,
                "recall": 0.9999919321656487,
                "f1-score": 0.9999919321618963,
                "support": 371847
            },
            "cross-entropy": 0.013386813400441044,
            "score": 0.9999919321656487
        },
        "val": {
            "0": {
                "precision": 0.9718376663801026,
                "recall": 0.967221337109813,
                "f1-score": 0.9695240066837211,
                "support": 33894
            },
            "1": {
                "precision": 0.9720758693361433,
                "recall": 0.976879632897988,
                "f1-score": 0.9744718309859154,
                "support": 45328
            },
            "2": {
                "precision": 0.9633998265394623,
                "recall": 0.9708092990735885,
                "f1-score": 0.9670903708862965,
                "support": 5721
            },
            "3": {
                "precision": 0.908235294117647,
                "recall": 0.8792710706150342,
                "f1-score": 0.8935185185185185,
                "support": 439
            },
            "4": {
                "precision": 0.9139118457300276,
                "recall": 0.8736010533245556,
                "f1-score": 0.8933019185459442,
                "support": 1519
            },
            "5": {
                "precision": 0.9417266187050359,
                "recall": 0.9420654911838791,
                "f1-score": 0.9418960244648318,
                "support": 2779
            },
            "6": {
                "precision": 0.9714285714285714,
                "recall": 0.9634369287020109,
                "f1-score": 0.9674162459843965,
                "support": 3282
            },
            "accuracy": 0.9693207977453153,
            "macro avg": {
                "precision": 0.9489450988909987,
                "recall": 0.9390406875581242,
                "f1-score": 0.9438884165813749,
                "support": 92962
            },
            "weighted avg": {
                "precision": 0.9692730955635591,
                "recall": 0.9693207977453153,
                "f1-score": 0.9692820643329273,
                "support": 92962
            },
            "cross-entropy": 0.08107928871576113,
            "score": 0.9693207977453153
        },
        "test": {
            "0": {
                "precision": 0.9728766016117146,
                "recall": 0.9659648791540786,
                "f1-score": 0.9694084206786285,
                "support": 42368
            },
            "1": {
                "precision": 0.9706990519250652,
                "recall": 0.977585993893507,
                "f1-score": 0.9741303506735605,
                "support": 56661
            },
            "2": {
                "precision": 0.962947543713572,
                "recall": 0.9703537966717941,
                "f1-score": 0.9666364839451138,
                "support": 7151
            },
            "3": {
                "precision": 0.9085714285714286,
                "recall": 0.8688524590163934,
                "f1-score": 0.8882681564245809,
                "support": 549
            },
            "4": {
                "precision": 0.9176405119643851,
                "recall": 0.8683517640863613,
                "f1-score": 0.8923160173160173,
                "support": 1899
            },
            "5": {
                "precision": 0.9420582300374748,
                "recall": 0.9409732219982724,
                "f1-score": 0.9415154134255258,
                "support": 3473
            },
            "6": {
                "precision": 0.9730127576054955,
                "recall": 0.9668454412481716,
                "f1-score": 0.9699192956713133,
                "support": 4102
            },
            "accuracy": 0.9691316058965775,
            "macro avg": {
                "precision": 0.9496865893470193,
                "recall": 0.9369896508669397,
                "f1-score": 0.9431705911621057,
                "support": 116203
            },
            "weighted avg": {
                "precision": 0.9690810420938442,
                "recall": 0.9691316058965775,
                "f1-score": 0.9690814572769124,
                "support": 116203
            },
            "cross-entropy": 0.08280573924442491,
            "score": 0.9691316058965775
        }
    }
}
