{
    "function": "bin.ensemble.main",
    "config": {
        "seeds": [
            10,
            11,
            12,
            13,
            14
        ]
    },
    "single_model_function": "bin.anp.main",
    "data": ":data/california",
    "prediction_type": null,
    "metrics": {
        "train": {
            "rmse": 0.37930874014045773,
            "mae": 0.24112225721984082,
            "r2": 0.8931860773737861,
            "score": -0.37930874014045773
        },
        "val": {
            "rmse": 0.4553972392665846,
            "mae": 0.2878297944159325,
            "r2": 0.8409452630835487,
            "score": -0.4553972392665846
        },
        "test": {
            "rmse": 0.44562506366082966,
            "mae": 0.29009601891551107,
            "r2": 0.8477081454746368,
            "score": -0.44562506366082966
        }
    }
}
