{
    "function": "bin.ensemble.main",
    "config": {
        "seeds": [
            0,
            1,
            2,
            3,
            4
        ]
    },
    "single_model_function": "bin.catboost_.main",
    "data": ":data/churn",
    "prediction_type": "probs",
    "metrics": {
        "train": {
            "0": {
                "precision": 0.8780790359737728,
                "recall": 0.972331240188383,
                "f1-score": 0.922804730421827,
                "support": 5096
            },
            "1": {
                "precision": 0.8137384412153237,
                "recall": 0.4723926380368098,
                "f1-score": 0.5977680737506065,
                "support": 1304
            },
            "accuracy": 0.87046875,
            "macro avg": {
                "precision": 0.8459087385945483,
                "recall": 0.7223619391125964,
                "f1-score": 0.7602864020862168,
                "support": 6400
            },
            "weighted avg": {
                "precision": 0.8649696397917387,
                "recall": 0.87046875,
                "f1-score": 0.8565785116250657,
                "support": 6400
            },
            "cross-entropy": 0.3188764981554063,
            "roc-auc": 0.8886145214338687,
            "score": 0.87046875
        },
        "val": {
            "0": {
                "precision": 0.8757022471910112,
                "recall": 0.978806907378336,
                "f1-score": 0.9243884358784283,
                "support": 1274
            },
            "1": {
                "precision": 0.8465909090909091,
                "recall": 0.4570552147239264,
                "f1-score": 0.5936254980079682,
                "support": 326
            },
            "accuracy": 0.8725,
            "macro avg": {
                "precision": 0.8611465781409602,
                "recall": 0.7179310610511311,
                "f1-score": 0.7590069669431982,
                "support": 1600
            },
            "weighted avg": {
                "precision": 0.8697708120531155,
                "recall": 0.8725,
                "f1-score": 0.8569954872873221,
                "support": 1600
            },
            "cross-entropy": 0.3332451868343542,
            "roc-auc": 0.8695620768363976,
            "score": 0.8725
        },
        "test": {
            "0": {
                "precision": 0.8678611422172452,
                "recall": 0.9730069052102951,
                "f1-score": 0.9174311926605504,
                "support": 1593
            },
            "1": {
                "precision": 0.7990654205607477,
                "recall": 0.4201474201474201,
                "f1-score": 0.5507246376811594,
                "support": 407
            },
            "accuracy": 0.8605,
            "macro avg": {
                "precision": 0.8334632813889964,
                "recall": 0.6965771626788576,
                "f1-score": 0.734077915170855,
                "support": 2000
            },
            "weighted avg": {
                "precision": 0.8538612128601479,
                "recall": 0.8605,
                "f1-score": 0.8428064087222444,
                "support": 2000
            },
            "cross-entropy": 0.3400904688468391,
            "roc-auc": 0.8629153035932696,
            "score": 0.8605
        }
    }
}
