{
    "function": "bin.ensemble.main",
    "config": {
        "seeds": [
            10,
            11,
            12,
            13,
            14
        ]
    },
    "single_model_function": "bin.catboost_.main",
    "data": ":data/california",
    "prediction_type": null,
    "metrics": {
        "train": {
            "rmse": 0.2617066119123562,
            "mae": 0.18452074894492387,
            "r2": 0.9491522750879547,
            "score": -0.2617066119123562
        },
        "val": {
            "rmse": 0.4346251240255682,
            "mae": 0.28190237544927615,
            "r2": 0.8551243273586326,
            "score": -0.4346251240255682
        },
        "test": {
            "rmse": 0.4320345303898087,
            "mae": 0.2831331640649894,
            "r2": 0.8568556067604053,
            "score": -0.4320345303898087
        }
    }
}
