{
    "function": "bin.tune.main",
    "gpus": [
        "A100-SXM-80GB"
    ],
    "config": {
        "seed": 0,
        "function": "bin.catboost_.main",
        "n_trials": 200,
        "timeout": null,
        "sampler": {
            "n_startup_trials": 20
        },
        "space": {
            "seed": 0,
            "data": {
                "seed": 0,
                "num_policy": null,
                "cat_policy": null,
                "cache": true,
                "path": ":data/covtype",
                "y_policy": null
            },
            "model": {
                "iterations": 4000,
                "early_stopping_rounds": 200,
                "od_pval": 0.001,
                "bagging_temperature": [
                    "_tune_",
                    "uniform",
                    0.0,
                    1.0
                ],
                "depth": [
                    "_tune_",
                    "int",
                    3,
                    14
                ],
                "l2_leaf_reg": [
                    "_tune_",
                    "uniform",
                    0.1,
                    10.0
                ],
                "leaf_estimation_iterations": [
                    "_tune_",
                    "int",
                    1,
                    10
                ],
                "learning_rate": [
                    "_tune_",
                    "loguniform",
                    0.001,
                    1.0
                ],
                "task_type": "GPU",
                "thread_count": 1
            },
            "fit": {
                "logging_level": "Verbose"
            }
        }
    },
    "best": {
        "function": "bin.catboost_.main",
        "gpus": [
            "A100-SXM-80GB"
        ],
        "config": {
            "seed": 0,
            "data": {
                "seed": 0,
                "num_policy": null,
                "cat_policy": null,
                "cache": true,
                "path": ":data/covtype",
                "y_policy": null
            },
            "model": {
                "iterations": 4000,
                "early_stopping_rounds": 200,
                "od_pval": 0.001,
                "bagging_temperature": 0.05921106496430908,
                "depth": 11,
                "l2_leaf_reg": 8.753098932872433,
                "leaf_estimation_iterations": 8,
                "learning_rate": 0.1256280180714141,
                "task_type": "GPU",
                "thread_count": 1
            },
            "fit": {
                "logging_level": "Verbose"
            }
        },
        "prediction_type": "probs",
        "time": "0:13:20",
        "best_iteration": 3911,
        "metrics": {
            "train": {
                "0": {
                    "precision": 0.9999926239000391,
                    "recall": 0.9999557450323799,
                    "f1-score": 0.999974184126188,
                    "support": 135578
                },
                "1": {
                    "precision": 0.9999669087840632,
                    "recall": 0.9999944846452524,
                    "f1-score": 0.9999806965245471,
                    "support": 181312
                },
                "2": {
                    "precision": 1.0,
                    "recall": 1.0,
                    "f1-score": 1.0,
                    "support": 22882
                },
                "3": {
                    "precision": 1.0,
                    "recall": 1.0,
                    "f1-score": 1.0,
                    "support": 1759
                },
                "4": {
                    "precision": 1.0,
                    "recall": 1.0,
                    "f1-score": 1.0,
                    "support": 6075
                },
                "5": {
                    "precision": 1.0,
                    "recall": 1.0,
                    "f1-score": 1.0,
                    "support": 11115
                },
                "6": {
                    "precision": 1.0,
                    "recall": 1.0,
                    "f1-score": 1.0,
                    "support": 13126
                },
                "accuracy": 0.9999811750531805,
                "macro avg": {
                    "precision": 0.9999942189548717,
                    "recall": 0.9999928899539475,
                    "f1-score": 0.9999935543786764,
                    "support": 371847
                },
                "weighted avg": {
                    "precision": 0.999981175398956,
                    "recall": 0.9999811750531805,
                    "f1-score": 0.9999811750093962,
                    "support": 371847
                },
                "cross-entropy": 0.012927570589065443,
                "score": 0.9999811750531805
            },
            "val": {
                "0": {
                    "precision": 0.9705472341687676,
                    "recall": 0.9654216085442852,
                    "f1-score": 0.9679776361135353,
                    "support": 33894
                },
                "1": {
                    "precision": 0.9705921081508142,
                    "recall": 0.9756883162725026,
                    "f1-score": 0.9731335401676678,
                    "support": 45328
                },
                "2": {
                    "precision": 0.962930885155032,
                    "recall": 0.9716832721552177,
                    "f1-score": 0.9672872803201671,
                    "support": 5721
                },
                "3": {
                    "precision": 0.9137529137529138,
                    "recall": 0.8929384965831435,
                    "f1-score": 0.9032258064516128,
                    "support": 439
                },
                "4": {
                    "precision": 0.9097796143250688,
                    "recall": 0.869651086240948,
                    "f1-score": 0.8892628744530461,
                    "support": 1519
                },
                "5": {
                    "precision": 0.9417932031814895,
                    "recall": 0.9373875494782296,
                    "f1-score": 0.9395852119026149,
                    "support": 2779
                },
                "6": {
                    "precision": 0.9690279055504446,
                    "recall": 0.9628275441803779,
                    "f1-score": 0.965917774721076,
                    "support": 3282
                },
                "accuracy": 0.9679761623028764,
                "macro avg": {
                    "precision": 0.9483462663263615,
                    "recall": 0.9393711247792434,
                    "f1-score": 0.9437700177328171,
                    "support": 92962
                },
                "weighted avg": {
                    "precision": 0.9679260373927354,
                    "recall": 0.9679761623028764,
                    "f1-score": 0.9679356889234554,
                    "support": 92962
                },
                "cross-entropy": 0.08647662596736845,
                "score": 0.9679761623028764
            },
            "test": {
                "0": {
                    "precision": 0.9714299307752694,
                    "recall": 0.9638406344410876,
                    "f1-score": 0.9676204016349743,
                    "support": 42368
                },
                "1": {
                    "precision": 0.9686115925284037,
                    "recall": 0.9765094156474471,
                    "f1-score": 0.9725444702242847,
                    "support": 56661
                },
                "2": {
                    "precision": 0.9605500763995,
                    "recall": 0.9669976227101105,
                    "f1-score": 0.9637630662020906,
                    "support": 7151
                },
                "3": {
                    "precision": 0.9064885496183206,
                    "recall": 0.8652094717668488,
                    "f1-score": 0.885368126747437,
                    "support": 549
                },
                "4": {
                    "precision": 0.9173693086003373,
                    "recall": 0.8593996840442338,
                    "f1-score": 0.8874388254486134,
                    "support": 1899
                },
                "5": {
                    "precision": 0.9369239631336406,
                    "recall": 0.9366541894615606,
                    "f1-score": 0.93678905687545,
                    "support": 3473
                },
                "6": {
                    "precision": 0.9734578520521012,
                    "recall": 0.9656265236470014,
                    "f1-score": 0.9695263737608615,
                    "support": 4102
                },
                "accuracy": 0.9672900011187319,
                "macro avg": {
                    "precision": 0.9478330390153676,
                    "recall": 0.9334625059597557,
                    "f1-score": 0.940435760127673,
                    "support": 116203
                },
                "weighted avg": {
                    "precision": 0.9672361807485579,
                    "recall": 0.9672900011187319,
                    "f1-score": 0.9672308985229873,
                    "support": 116203
                },
                "cross-entropy": 0.08872100695809453,
                "score": 0.9672900011187319
            }
        },
        "trial_id": 157,
        "tuning_time": "2 days, 3:45:30"
    },
    "time": "2 days, 18:13:36",
    "n_completed_trials": 200
}
