{
    "function": "bin.ensemble.main",
    "config": {
        "seeds": [
            5,
            6,
            7,
            8,
            9
        ]
    },
    "single_model_function": "bin.catboost_.main",
    "data": ":data/adult",
    "prediction_type": "probs",
    "metrics": {
        "train": {
            "0": {
                "precision": 0.9070293692826191,
                "recall": 0.9526675094816688,
                "f1-score": 0.9292884449377234,
                "support": 19775
            },
            "1": {
                "precision": 0.8226600985221675,
                "recall": 0.692172804080982,
                "f1-score": 0.7517963812656913,
                "support": 6273
            },
            "accuracy": 0.8899339680589681,
            "macro avg": {
                "precision": 0.8648447339023932,
                "recall": 0.8224201567813254,
                "f1-score": 0.8405424131017074,
                "support": 26048
            },
            "weighted avg": {
                "precision": 0.8867111707460593,
                "recall": 0.8899339680589681,
                "f1-score": 0.8865439841186717,
                "support": 26048
            },
            "cross-entropy": 0.2501907532625482,
            "roc-auc": 0.9441553278624926,
            "score": 0.8899339680589681
        },
        "val": {
            "0": {
                "precision": 0.8967841324860389,
                "recall": 0.9417593528816987,
                "f1-score": 0.9187216413493786,
                "support": 4945
            },
            "1": {
                "precision": 0.7818181818181819,
                "recall": 0.6581632653061225,
                "f1-score": 0.7146814404432134,
                "support": 1568
            },
            "accuracy": 0.8734838016275142,
            "macro avg": {
                "precision": 0.8393011571521104,
                "recall": 0.7999613090939106,
                "f1-score": 0.816701540896296,
                "support": 6513
            },
            "weighted avg": {
                "precision": 0.8691061637086399,
                "recall": 0.8734838016275142,
                "f1-score": 0.8695991117899027,
                "support": 6513
            },
            "cross-entropy": 0.2738418404942733,
            "roc-auc": 0.9313002981779163,
            "score": 0.8734838016275142
        },
        "test": {
            "0": {
                "precision": 0.8981935088793631,
                "recall": 0.9436268596702855,
                "f1-score": 0.9203498176399074,
                "support": 12435
            },
            "1": {
                "precision": 0.7820951196767174,
                "recall": 0.6541861674466979,
                "f1-score": 0.7124451366274954,
                "support": 3846
            },
            "accuracy": 0.8752533628155519,
            "macro avg": {
                "precision": 0.8401443142780403,
                "recall": 0.7989065135584916,
                "f1-score": 0.8163974771337015,
                "support": 16281
            },
            "weighted avg": {
                "precision": 0.8707680187452573,
                "recall": 0.8752533628155519,
                "f1-score": 0.8712372690757076,
                "support": 16281
            },
            "cross-entropy": 0.2764418180859855,
            "roc-auc": 0.9276583214514749,
            "score": 0.8752533628155519
        }
    }
}
