{
    "function": "bin.tune.main",
    "gpus": [
        "A100-SXM-80GB"
    ],
    "config": {
        "seed": 0,
        "function": "bin.anp.main",
        "n_trials": 20,
        "timeout": null,
        "sampler": {},
        "space": {
            "seed": 0,
            "batch_size": 1024,
            "patience": 16,
            "n_epochs": Infinity,
            "num_accumulate": 2,
            "eval_batch_size": 4096,
            "eval_batch_size_context": 32768,
            "data": {
                "seed": 0,
                "cache": true,
                "path": ":data/weather-small",
                "num_policy": "quantile",
                "cat_policy": null,
                "y_policy": "standard"
            },
            "model": {
                "num_embeddings": null,
                "d_hidden": [
                    "_tune_",
                    "int",
                    96,
                    384
                ],
                "num_layers_dec": [
                    "_tune_",
                    "int",
                    1,
                    3
                ],
                "num_self_attention_l": [
                    "_tune_",
                    "int",
                    1,
                    2
                ],
                "num_cross_attention_l": [
                    "_tune_",
                    "int",
                    1,
                    2
                ]
            },
            "optimizer": {
                "type": "AdamW",
                "lr": [
                    "_tune_",
                    "loguniform",
                    1e-05,
                    0.001
                ],
                "weight_decay": [
                    "_tune_",
                    "?loguniform",
                    0.0,
                    1e-06,
                    0.0001
                ]
            }
        }
    },
    "best": {
        "function": "bin.anp.main",
        "gpus": [
            "A100-SXM-80GB"
        ],
        "config": {
            "seed": 0,
            "batch_size": 1024,
            "patience": 16,
            "n_epochs": Infinity,
            "num_accumulate": 2,
            "eval_batch_size": 4096,
            "eval_batch_size_context": 32768,
            "data": {
                "seed": 0,
                "cache": true,
                "path": ":data/weather-small",
                "num_policy": "quantile",
                "cat_policy": null,
                "y_policy": "standard"
            },
            "model": {
                "num_embeddings": null,
                "d_hidden": 274,
                "num_layers_dec": 3,
                "num_self_attention_l": 2,
                "num_cross_attention_l": 1
            },
            "optimizer": {
                "type": "AdamW",
                "lr": 7.4827960376208e-05,
                "weight_decay": 0.0
            }
        },
        "n_parameters": 4241842,
        "prediction_type": null,
        "best_epoch": 44,
        "metrics": {
            "train": {
                "rmse": 1.6434662484645421,
                "mae": 1.2376820652440514,
                "r2": 0.9743852417621985,
                "score": -1.6434662484645421
            },
            "val": {
                "rmse": 1.8977375121834454,
                "mae": 1.4082778790487822,
                "r2": 0.965827677229231,
                "score": -1.8977375121834454
            },
            "test": {
                "rmse": 1.8898759937875664,
                "mae": 1.402224581132245,
                "r2": 0.9662012326809497,
                "score": -1.8898759937875664
            }
        },
        "time": "6:37:47",
        "chunk_size": null,
        "eval_batch_size": 4096,
        "trial_id": 5,
        "tuning_time": "1 day, 7:54:53"
    },
    "time": "4 days, 16:54:52",
    "n_completed_trials": 20,
    "continuations": [
        5
    ]
}