{
    "function": "bin.ensemble.main",
    "config": {
        "seeds": [
            5,
            6,
            7,
            8,
            9
        ]
    },
    "single_model_function": "bin.catboost_.main",
    "data": ":data/black-friday",
    "prediction_type": null,
    "metrics": {
        "train": {
            "rmse": 0.6485816272230812,
            "mae": 0.5012157476030635,
            "r2": 0.5786286997928367,
            "score": -0.6485816272230812
        },
        "val": {
            "rmse": 0.6809022487201971,
            "mae": 0.5262873676533218,
            "r2": 0.5350521661374328,
            "score": -0.6809022487201971
        },
        "test": {
            "rmse": 0.6811647660397354,
            "mae": 0.5277137219757314,
            "r2": 0.5395179843836546,
            "score": -0.6811647660397354
        }
    }
}
