{
    "function": "bin.ensemble.main",
    "config": {
        "seeds": [
            10,
            11,
            12,
            13,
            14
        ]
    },
    "single_model_function": "bin.anp.main",
    "data": ":data/house",
    "prediction_type": null,
    "metrics": {
        "train": {
            "rmse": 22900.49173046148,
            "mae": 12045.286432619847,
            "r2": 0.8068765780228635,
            "score": -22900.49173046148
        },
        "val": {
            "rmse": 27449.44407721987,
            "mae": 13901.377455940587,
            "r2": 0.747155437230143,
            "score": -27449.44407721987
        },
        "test": {
            "rmse": 30295.448675004176,
            "mae": 14463.992018992314,
            "r2": 0.6820765180222015,
            "score": -30295.448675004176
        }
    }
}
