{
    "function": "bin.tune.main",
    "gpus": [
        "NVIDIA A100-SXM-80GB"
    ],
    "config": {
        "seed": 0,
        "function": "bin.anp.main",
        "n_trials": 20,
        "timeout": null,
        "sampler": {},
        "space": {
            "seed": 0,
            "batch_size": 512,
            "patience": 16,
            "n_epochs": Infinity,
            "num_accumulate": 1,
            "eval_batch_size": 4096,
            "eval_batch_size_context": 32000,
            "data": {
                "seed": 0,
                "cache": true,
                "path": ":data/black-friday",
                "num_policy": "quantile",
                "cat_policy": "ordinal",
                "y_policy": "standard"
            },
            "model": {
                "num_embeddings": null,
                "d_hidden": [
                    "_tune_",
                    "int",
                    96,
                    384
                ],
                "num_layers_dec": [
                    "_tune_",
                    "int",
                    1,
                    3
                ],
                "num_self_attention_l": [
                    "_tune_",
                    "int",
                    1,
                    2
                ],
                "num_cross_attention_l": [
                    "_tune_",
                    "int",
                    1,
                    2
                ]
            },
            "optimizer": {
                "type": "AdamW",
                "lr": [
                    "_tune_",
                    "loguniform",
                    1e-05,
                    0.001
                ],
                "weight_decay": [
                    "_tune_",
                    "?loguniform",
                    0.001,
                    1e-06,
                    0.0001
                ]
            }
        }
    },
    "best": {
        "function": "bin.anp.main",
        "gpus": [
            "NVIDIA A100-SXM-80GB"
        ],
        "config": {
            "seed": 0,
            "batch_size": 512,
            "patience": 16,
            "n_epochs": Infinity,
            "num_accumulate": 1,
            "eval_batch_size": 4096,
            "eval_batch_size_context": 32000,
            "data": {
                "seed": 0,
                "cache": true,
                "path": ":data/black-friday",
                "num_policy": "quantile",
                "cat_policy": "ordinal",
                "y_policy": "standard"
            },
            "model": {
                "num_embeddings": null,
                "d_hidden": 330,
                "num_layers_dec": 2,
                "num_self_attention_l": 2,
                "num_cross_attention_l": 1
            },
            "optimizer": {
                "type": "AdamW",
                "lr": 0.0008653398065840356,
                "weight_decay": 5.0883573624434005e-05
            }
        },
        "n_parameters": 4997082,
        "prediction_type": null,
        "best_epoch": 26,
        "metrics": {
            "train": {
                "rmse": 0.672222644547535,
                "mae": 0.5176379771544434,
                "r2": 0.5473506047892612,
                "score": -0.672222644547535
            },
            "val": {
                "rmse": 0.6975174576138483,
                "mae": 0.538738658614985,
                "r2": 0.5120842300552928,
                "score": -0.6975174576138483
            },
            "test": {
                "rmse": 0.6983487686871257,
                "mae": 0.5414861467250065,
                "r2": 0.515991414164769,
                "score": -0.6983487686871257
            }
        },
        "time": "1:47:36",
        "chunk_size": null,
        "eval_batch_size": 4096,
        "trial_id": 10,
        "tuning_time": "1 day, 3:00:07"
    },
    "time": "1 day, 18:24:38",
    "n_completed_trials": 20
}
