{
    "function": "bin.ensemble.main",
    "config": {
        "seeds": [
            10,
            11,
            12,
            13,
            14
        ]
    },
    "single_model_function": "bin.catboost_.main",
    "data": ":data/covtype",
    "prediction_type": "probs",
    "metrics": {
        "train": {
            "0": {
                "precision": 0.9420446964643095,
                "recall": 0.9165720102081458,
                "f1-score": 0.9291337993943699,
                "support": 135578
            },
            "1": {
                "precision": 0.9330571620712844,
                "recall": 0.9565390045887752,
                "f1-score": 0.9446521799519046,
                "support": 181312
            },
            "2": {
                "precision": 0.9488658541874485,
                "recall": 0.9561227165457565,
                "f1-score": 0.9524804632229696,
                "support": 22882
            },
            "3": {
                "precision": 0.9494186046511628,
                "recall": 0.9283683911313246,
                "f1-score": 0.9387755102040816,
                "support": 1759
            },
            "4": {
                "precision": 0.9317886932344763,
                "recall": 0.8274897119341563,
                "f1-score": 0.8765475152571927,
                "support": 6075
            },
            "5": {
                "precision": 0.9231401186672752,
                "recall": 0.9098515519568151,
                "f1-score": 0.916447666515632,
                "support": 11115
            },
            "6": {
                "precision": 0.9648960024742905,
                "recall": 0.9507085174462898,
                "f1-score": 0.9577497217851797,
                "support": 13126
            },
            "accuracy": 0.9380981963011669,
            "macro avg": {
                "precision": 0.9418873045357496,
                "recall": 0.9208074148301805,
                "f1-score": 0.9308266937616186,
                "support": 371847
            },
            "weighted avg": {
                "precision": 0.9381910180441667,
                "recall": 0.9380981963011669,
                "f1-score": 0.9379546082241018,
                "support": 371847
            },
            "cross-entropy": 0.19262766271727194,
            "score": 0.9380981963011669
        },
        "val": {
            "0": {
                "precision": 0.9298617846750727,
                "recall": 0.9051159497256152,
                "f1-score": 0.9173220105851747,
                "support": 33894
            },
            "1": {
                "precision": 0.9225911765969329,
                "recall": 0.9476261913166255,
                "f1-score": 0.934941122695514,
                "support": 45328
            },
            "2": {
                "precision": 0.9324930939226519,
                "recall": 0.9440657227757385,
                "f1-score": 0.9382437244853644,
                "support": 5721
            },
            "3": {
                "precision": 0.8988235294117647,
                "recall": 0.8701594533029613,
                "f1-score": 0.8842592592592593,
                "support": 439
            },
            "4": {
                "precision": 0.8882769472856019,
                "recall": 0.7432521395655036,
                "f1-score": 0.8093189964157708,
                "support": 1519
            },
            "5": {
                "precision": 0.8970588235294118,
                "recall": 0.8780136739834473,
                "f1-score": 0.8874340789234407,
                "support": 2779
            },
            "6": {
                "precision": 0.9491260923845194,
                "recall": 0.9265691651432053,
                "f1-score": 0.9377119950662967,
                "support": 3282
            },
            "accuracy": 0.9253781114864138,
            "macro avg": {
                "precision": 0.9168902068294222,
                "recall": 0.887828899401871,
                "f1-score": 0.9013187410615456,
                "support": 92962
            },
            "weighted avg": {
                "precision": 0.9253520329922658,
                "recall": 0.9253781114864138,
                "f1-score": 0.9251060780491291,
                "support": 92962
            },
            "cross-entropy": 0.21306279381500617,
            "score": 0.9253781114864138
        },
        "test": {
            "0": {
                "precision": 0.9321477228493578,
                "recall": 0.9043381797583081,
                "f1-score": 0.9180323940962238,
                "support": 42368
            },
            "1": {
                "precision": 0.9215350057442686,
                "recall": 0.9485007324261838,
                "f1-score": 0.9348234475560968,
                "support": 56661
            },
            "2": {
                "precision": 0.9262749445676275,
                "recall": 0.934694448328905,
                "f1-score": 0.9304656504489455,
                "support": 7151
            },
            "3": {
                "precision": 0.8833333333333333,
                "recall": 0.8688524590163934,
                "f1-score": 0.8760330578512396,
                "support": 549
            },
            "4": {
                "precision": 0.8835012594458438,
                "recall": 0.7388098999473407,
                "f1-score": 0.8047031832520792,
                "support": 1899
            },
            "5": {
                "precision": 0.8787878787878788,
                "recall": 0.8684134753815146,
                "f1-score": 0.8735698769007966,
                "support": 3473
            },
            "6": {
                "precision": 0.9505494505494505,
                "recall": 0.9278400780107264,
                "f1-score": 0.9390574882802862,
                "support": 4102
            },
            "accuracy": 0.9246232885553729,
            "macro avg": {
                "precision": 0.9108756564682514,
                "recall": 0.8844927532670531,
                "f1-score": 0.8966692997693811,
                "support": 116203
            },
            "weighted avg": {
                "precision": 0.9246407136789282,
                "recall": 0.9246232885553729,
                "f1-score": 0.9243477637803109,
                "support": 116203
            },
            "cross-entropy": 0.2156386407643662,
            "score": 0.9246232885553729
        }
    }
}
