{
    "function": "bin.ensemble.main",
    "config": {
        "seeds": [
            10,
            11,
            12,
            13,
            14
        ]
    },
    "single_model_function": "bin.anp.main",
    "data": ":data/black-friday",
    "prediction_type": null,
    "metrics": {
        "train": {
            "rmse": 0.6927732122645434,
            "mae": 0.5406336054947422,
            "r2": 0.5192516073064496,
            "score": -0.6927732122645434
        },
        "val": {
            "rmse": 0.7001375469626683,
            "mae": 0.5466793070504735,
            "r2": 0.508411823301932,
            "score": -0.7001375469626683
        },
        "test": {
            "rmse": 0.7012739129119683,
            "mae": 0.5479145166341642,
            "r2": 0.51192822933887,
            "score": -0.7012739129119683
        }
    }
}
