{
    "function": "bin.ensemble.main",
    "config": {
        "seeds": [
            5,
            6,
            7,
            8,
            9
        ]
    },
    "single_model_function": "bin.anp.main",
    "data": ":data/black-friday",
    "prediction_type": null,
    "metrics": {
        "train": {
            "rmse": 0.6906917254819673,
            "mae": 0.5395457939541304,
            "r2": 0.5221361533972306,
            "score": -0.6906917254819673
        },
        "val": {
            "rmse": 0.6995821746043288,
            "mae": 0.5471697672451674,
            "r2": 0.5091914021264916,
            "score": -0.6995821746043288
        },
        "test": {
            "rmse": 0.7010148030332727,
            "mae": 0.5481229846425428,
            "r2": 0.5122888326685398,
            "score": -0.7010148030332727
        }
    }
}
