{
    "function": "bin.ensemble.main",
    "config": {
        "seeds": [
            10,
            11,
            12,
            13,
            14
        ]
    },
    "single_model_function": "bin.catboost_.main",
    "data": ":data/covtype",
    "prediction_type": "probs",
    "metrics": {
        "train": {
            "0": {
                "precision": 0.9999852484529315,
                "recall": 0.9999926241720634,
                "f1-score": 0.999988936298897,
                "support": 135578
            },
            "1": {
                "precision": 0.9999944846148331,
                "recall": 0.9999889692905047,
                "f1-score": 0.9999917269450641,
                "support": 181312
            },
            "2": {
                "precision": 1.0,
                "recall": 1.0,
                "f1-score": 1.0,
                "support": 22882
            },
            "3": {
                "precision": 1.0,
                "recall": 1.0,
                "f1-score": 1.0,
                "support": 1759
            },
            "4": {
                "precision": 1.0,
                "recall": 1.0,
                "f1-score": 1.0,
                "support": 6075
            },
            "5": {
                "precision": 1.0,
                "recall": 1.0,
                "f1-score": 1.0,
                "support": 11115
            },
            "6": {
                "precision": 1.0,
                "recall": 1.0,
                "f1-score": 1.0,
                "support": 13126
            },
            "accuracy": 0.9999919321656487,
            "macro avg": {
                "precision": 0.9999971047239663,
                "recall": 0.9999973704946525,
                "f1-score": 0.9999972376062801,
                "support": 371847
            },
            "weighted avg": {
                "precision": 0.9999919321904873,
                "recall": 0.9999919321656487,
                "f1-score": 0.9999919321694013,
                "support": 371847
            },
            "cross-entropy": 0.01366695016941459,
            "score": 0.9999919321656487
        },
        "val": {
            "0": {
                "precision": 0.9720623999050952,
                "recall": 0.9670148108809818,
                "f1-score": 0.9695320357333017,
                "support": 33894
            },
            "1": {
                "precision": 0.9718838480279186,
                "recall": 0.976879632897988,
                "f1-score": 0.9743753369494658,
                "support": 45328
            },
            "2": {
                "precision": 0.9640998959417274,
                "recall": 0.9716832721552177,
                "f1-score": 0.9678767302167668,
                "support": 5721
            },
            "3": {
                "precision": 0.908235294117647,
                "recall": 0.8792710706150342,
                "f1-score": 0.8935185185185185,
                "support": 439
            },
            "4": {
                "precision": 0.9106529209621993,
                "recall": 0.8722843976300197,
                "f1-score": 0.8910558170813718,
                "support": 1519
            },
            "5": {
                "precision": 0.943001443001443,
                "recall": 0.9406261245052177,
                "f1-score": 0.9418122860745812,
                "support": 2779
            },
            "6": {
                "precision": 0.9696784073506891,
                "recall": 0.9646556977452773,
                "f1-score": 0.9671605315411639,
                "support": 3282
            },
            "accuracy": 0.9692777694111573,
            "macro avg": {
                "precision": 0.9485163156152457,
                "recall": 0.9389164294899623,
                "f1-score": 0.9436187508735957,
                "support": 92962
            },
            "weighted avg": {
                "precision": 0.9692275572229578,
                "recall": 0.9692777694111573,
                "f1-score": 0.9692381025500272,
                "support": 92962
            },
            "cross-entropy": 0.081276690106998,
            "score": 0.9692777694111573
        },
        "test": {
            "0": {
                "precision": 0.972782162213559,
                "recall": 0.9658940709969789,
                "f1-score": 0.9693258799564166,
                "support": 42368
            },
            "1": {
                "precision": 0.9706464784536389,
                "recall": 0.9775330474223893,
                "f1-score": 0.974077591361542,
                "support": 56661
            },
            "2": {
                "precision": 0.96375,
                "recall": 0.9703537966717941,
                "f1-score": 0.9670406243467353,
                "support": 7151
            },
            "3": {
                "precision": 0.9043151969981238,
                "recall": 0.8779599271402551,
                "f1-score": 0.8909426987060998,
                "support": 549
            },
            "4": {
                "precision": 0.9165275459098498,
                "recall": 0.8672985781990521,
                "f1-score": 0.8912337662337663,
                "support": 1899
            },
            "5": {
                "precision": 0.9437229437229437,
                "recall": 0.9415490930031672,
                "f1-score": 0.9426347650619774,
                "support": 3473
            },
            "6": {
                "precision": 0.9730193769928869,
                "recall": 0.9670892247684056,
                "f1-score": 0.9700452378041325,
                "support": 4102
            },
            "accuracy": 0.9691316058965775,
            "macro avg": {
                "precision": 0.9492519577558574,
                "recall": 0.938239676886006,
                "f1-score": 0.9436143662100956,
                "support": 116203
            },
            "weighted avg": {
                "precision": 0.9690820472374644,
                "recall": 0.9691316058965775,
                "f1-score": 0.969083357219983,
                "support": 116203
            },
            "cross-entropy": 0.08326658772022637,
            "score": 0.9691316058965775
        }
    }
}
