{
    "function": "bin.ensemble.main",
    "config": {
        "seeds": [
            5,
            6,
            7,
            8,
            9
        ]
    },
    "single_model_function": "bin.catboost_.main",
    "data": ":data/churn",
    "prediction_type": "probs",
    "metrics": {
        "train": {
            "0": {
                "precision": 0.8797019162526615,
                "recall": 0.9729199372056515,
                "f1-score": 0.9239657100260902,
                "support": 5096
            },
            "1": {
                "precision": 0.819371727748691,
                "recall": 0.48006134969325154,
                "f1-score": 0.6054158607350096,
                "support": 1304
            },
            "accuracy": 0.8725,
            "macro avg": {
                "precision": 0.8495368220006763,
                "recall": 0.7264906434494516,
                "f1-score": 0.7646907853805499,
                "support": 6400
            },
            "weighted avg": {
                "precision": 0.8674096403449775,
                "recall": 0.8725,
                "f1-score": 0.8590611782330326,
                "support": 6400
            },
            "cross-entropy": 0.31053542212824503,
            "roc-auc": 0.8935785675761574,
            "score": 0.8725
        },
        "val": {
            "0": {
                "precision": 0.8762306610407876,
                "recall": 0.978021978021978,
                "f1-score": 0.9243323442136498,
                "support": 1274
            },
            "1": {
                "precision": 0.8426966292134831,
                "recall": 0.4601226993865031,
                "f1-score": 0.5952380952380952,
                "support": 326
            },
            "accuracy": 0.8725,
            "macro avg": {
                "precision": 0.8594636451271354,
                "recall": 0.7190723387042406,
                "f1-score": 0.7597852197258725,
                "support": 1600
            },
            "weighted avg": {
                "precision": 0.8693981020559742,
                "recall": 0.8725,
                "f1-score": 0.8572793909848806,
                "support": 1600
            },
            "cross-entropy": 0.328692157830744,
            "roc-auc": 0.8718542631776637,
            "score": 0.8725
        },
        "test": {
            "0": {
                "precision": 0.8688340807174888,
                "recall": 0.9730069052102951,
                "f1-score": 0.9179745336097128,
                "support": 1593
            },
            "1": {
                "precision": 0.8009259259259259,
                "recall": 0.4250614250614251,
                "f1-score": 0.5553772070626003,
                "support": 407
            },
            "accuracy": 0.8615,
            "macro avg": {
                "precision": 0.8348800033217074,
                "recall": 0.69903416513586,
                "f1-score": 0.7366758703361566,
                "support": 2000
            },
            "weighted avg": {
                "precision": 0.8550147712174058,
                "recall": 0.8615,
                "f1-score": 0.8441859776573755,
                "support": 2000
            },
            "cross-entropy": 0.3361507566162299,
            "roc-auc": 0.8642571693419152,
            "score": 0.8615
        }
    }
}
