{
    "function": "bin.tune.main",
    "gpus": [
        "A100-SXM-80GB"
    ],
    "config": {
        "seed": 0,
        "function": "bin.anp.main",
        "n_trials": 100,
        "timeout": null,
        "sampler": {},
        "space": {
            "seed": 0,
            "batch_size": 256,
            "patience": 16,
            "n_epochs": Infinity,
            "num_accumulate": 1,
            "eval_batch_size": 16384,
            "eval_batch_size_context": 100000000,
            "data": {
                "seed": 0,
                "cache": true,
                "path": ":data/house",
                "num_policy": "quantile",
                "cat_policy": null,
                "y_policy": "standard"
            },
            "model": {
                "num_embeddings": null,
                "d_hidden": [
                    "_tune_",
                    "int",
                    96,
                    384
                ],
                "num_layers_dec": [
                    "_tune_",
                    "int",
                    1,
                    3
                ],
                "num_self_attention_l": [
                    "_tune_",
                    "int",
                    1,
                    2
                ],
                "num_cross_attention_l": [
                    "_tune_",
                    "int",
                    1,
                    2
                ]
            },
            "optimizer": {
                "type": "AdamW",
                "lr": [
                    "_tune_",
                    "loguniform",
                    1e-05,
                    0.001
                ],
                "weight_decay": [
                    "_tune_",
                    "?loguniform",
                    0.0,
                    1e-06,
                    0.0001
                ]
            }
        }
    },
    "best": {
        "function": "bin.anp.main",
        "gpus": [
            "A100-SXM-80GB"
        ],
        "config": {
            "seed": 0,
            "batch_size": 256,
            "patience": 16,
            "n_epochs": Infinity,
            "num_accumulate": 1,
            "eval_batch_size": 16384,
            "eval_batch_size_context": 100000000,
            "data": {
                "seed": 0,
                "cache": true,
                "path": ":data/house",
                "num_policy": "quantile",
                "cat_policy": null,
                "y_policy": "standard"
            },
            "model": {
                "num_embeddings": null,
                "d_hidden": 320,
                "num_layers_dec": 1,
                "num_self_attention_l": 2,
                "num_cross_attention_l": 2
            },
            "optimizer": {
                "type": "AdamW",
                "lr": 0.00013058657837347582,
                "weight_decay": 0.0
            }
        },
        "n_parameters": 4338242,
        "prediction_type": null,
        "best_epoch": 110,
        "metrics": {
            "train": {
                "rmse": 24646.95293718295,
                "mae": 12948.926603514003,
                "r2": 0.7762970016913808,
                "score": -24646.95293718295
            },
            "val": {
                "rmse": 27692.01798813042,
                "mae": 14091.759225542308,
                "r2": 0.7426668187652499,
                "score": -27692.01798813042
            },
            "test": {
                "rmse": 31387.058819271733,
                "mae": 15097.020565743442,
                "r2": 0.6587527888605933,
                "score": -31387.058819271733
            }
        },
        "time": "0:41:31",
        "chunk_size": null,
        "eval_batch_size": 16384,
        "trial_id": 34,
        "tuning_time": "20:21:35"
    },
    "time": "2 days, 18:19:15",
    "n_completed_trials": 100,
    "continuations": [
        44,
        49
    ]
}
