{
    "function": "bin.ensemble.main",
    "config": {
        "seeds": [
            10,
            11,
            12,
            13,
            14
        ]
    },
    "single_model_function": "bin.catboost_.main",
    "data": ":data/california",
    "prediction_type": null,
    "metrics": {
        "train": {
            "rmse": 0.12312794048257575,
            "mae": 0.08940058318822208,
            "r2": 0.9887447442872419,
            "score": -0.12312794048257575
        },
        "val": {
            "rmse": 0.4286108681629067,
            "mae": 0.2741137083440448,
            "r2": 0.8591061072597085,
            "score": -0.4286108681629067
        },
        "test": {
            "rmse": 0.42621712301584525,
            "mae": 0.2762517112578531,
            "r2": 0.8606845731080798,
            "score": -0.42621712301584525
        }
    }
}
