{
    "function": "bin.ensemble.main",
    "config": {
        "seeds": [
            5,
            6,
            7,
            8,
            9
        ]
    },
    "single_model_function": "bin.catboost_.main",
    "data": ":data/covtype",
    "prediction_type": "probs",
    "metrics": {
        "train": {
            "0": {
                "precision": 1.0,
                "recall": 0.99997787251619,
                "f1-score": 0.9999889361356873,
                "support": 135578
            },
            "1": {
                "precision": 0.9999834542095248,
                "recall": 1.0,
                "f1-score": 0.999991727036321,
                "support": 181312
            },
            "2": {
                "precision": 1.0,
                "recall": 1.0,
                "f1-score": 1.0,
                "support": 22882
            },
            "3": {
                "precision": 1.0,
                "recall": 1.0,
                "f1-score": 1.0,
                "support": 1759
            },
            "4": {
                "precision": 1.0,
                "recall": 1.0,
                "f1-score": 1.0,
                "support": 6075
            },
            "5": {
                "precision": 1.0,
                "recall": 1.0,
                "f1-score": 1.0,
                "support": 11115
            },
            "6": {
                "precision": 1.0,
                "recall": 1.0,
                "f1-score": 1.0,
                "support": 13126
            },
            "accuracy": 0.9999919321656487,
            "macro avg": {
                "precision": 0.9999976363156465,
                "recall": 0.9999968389308843,
                "f1-score": 0.9999972375960012,
                "support": 371847
            },
            "weighted avg": {
                "precision": 0.9999919322991375,
                "recall": 0.9999919321656487,
                "f1-score": 0.9999919321543905,
                "support": 371847
            },
            "cross-entropy": 0.014597247257946849,
            "score": 0.9999919321656487
        },
        "val": {
            "0": {
                "precision": 0.9723714277235362,
                "recall": 0.9667197734112232,
                "f1-score": 0.9695373644420114,
                "support": 33894
            },
            "1": {
                "precision": 0.9716159599903486,
                "recall": 0.9772105541828451,
                "f1-score": 0.9744052267452731,
                "support": 45328
            },
            "2": {
                "precision": 0.9641061210334663,
                "recall": 0.9718580667715434,
                "f1-score": 0.967966573816156,
                "support": 5721
            },
            "3": {
                "precision": 0.9119047619047619,
                "recall": 0.8724373576309795,
                "f1-score": 0.8917345750873108,
                "support": 439
            },
            "4": {
                "precision": 0.9123287671232877,
                "recall": 0.8768926925608953,
                "f1-score": 0.8942598187311177,
                "support": 1519
            },
            "5": {
                "precision": 0.9440635149765427,
                "recall": 0.9413458078445484,
                "f1-score": 0.9427027027027026,
                "support": 2779
            },
            "6": {
                "precision": 0.9717618170656844,
                "recall": 0.9646556977452773,
                "f1-score": 0.9681957186544342,
                "support": 3282
            },
            "accuracy": 0.9694068544136314,
            "macro avg": {
                "precision": 0.9497360528310896,
                "recall": 0.9387314214496161,
                "f1-score": 0.9441145685970008,
                "support": 92962
            },
            "weighted avg": {
                "precision": 0.9693600062778595,
                "recall": 0.9694068544136314,
                "f1-score": 0.9693672427406903,
                "support": 92962
            },
            "cross-entropy": 0.08154210891047874,
            "score": 0.9694068544136314
        },
        "test": {
            "0": {
                "precision": 0.9732378618835787,
                "recall": 0.9656344410876133,
                "f1-score": 0.9694212428173686,
                "support": 42368
            },
            "1": {
                "precision": 0.9703280727259989,
                "recall": 0.9776918868357424,
                "f1-score": 0.973996061607708,
                "support": 56661
            },
            "2": {
                "precision": 0.9623924507354982,
                "recall": 0.9697944343448469,
                "f1-score": 0.9660792644702931,
                "support": 7151
            },
            "3": {
                "precision": 0.9089184060721063,
                "recall": 0.8724954462659381,
                "f1-score": 0.8903345724907065,
                "support": 549
            },
            "4": {
                "precision": 0.9150943396226415,
                "recall": 0.8683517640863613,
                "f1-score": 0.8911105106727912,
                "support": 1899
            },
            "5": {
                "precision": 0.9398214799884825,
                "recall": 0.9398214799884825,
                "f1-score": 0.9398214799884825,
                "support": 3473
            },
            "6": {
                "precision": 0.9746742070322105,
                "recall": 0.9663578742077036,
                "f1-score": 0.9704982249969396,
                "support": 4102
            },
            "accuracy": 0.9689939158197293,
            "macro avg": {
                "precision": 0.9492095454372167,
                "recall": 0.9371639038309555,
                "f1-score": 0.9430373367206129,
                "support": 116203
            },
            "weighted avg": {
                "precision": 0.9689495368393584,
                "recall": 0.9689939158197293,
                "f1-score": 0.9689462332441517,
                "support": 116203
            },
            "cross-entropy": 0.08332838565008369,
            "score": 0.9689939158197293
        }
    }
}
