{
    "function": "bin.ensemble.main",
    "config": {
        "seeds": [
            0,
            1,
            2,
            3,
            4
        ]
    },
    "single_model_function": "bin.catboost_.main",
    "data": ":data/black-friday",
    "prediction_type": null,
    "metrics": {
        "train": {
            "rmse": 0.649151285558964,
            "mae": 0.5016517694285856,
            "r2": 0.5778881820914028,
            "score": -0.649151285558964
        },
        "val": {
            "rmse": 0.6809404037799933,
            "mae": 0.5262291325410047,
            "r2": 0.5350000570146349,
            "score": -0.6809404037799933
        },
        "test": {
            "rmse": 0.6810965418934244,
            "mae": 0.5276999674266716,
            "r2": 0.5396102217414591,
            "score": -0.6810965418934244
        }
    }
}
