{
    "function": "bin.tune.main",
    "gpus": [],
    "config": {
        "seed": 0,
        "function": "bin.catboost_.main",
        "n_trials": 200,
        "timeout": null,
        "sampler": {
            "n_startup_trials": 20
        },
        "space": {
            "seed": 0,
            "data": {
                "seed": 0,
                "num_policy": null,
                "cat_policy": null,
                "cache": true,
                "path": ":data/california",
                "y_policy": "standard"
            },
            "model": {
                "iterations": 4000,
                "early_stopping_rounds": 200,
                "od_pval": 0.001,
                "bagging_temperature": [
                    "_tune_",
                    "uniform",
                    0.0,
                    1.0
                ],
                "depth": [
                    "_tune_",
                    "int",
                    3,
                    14
                ],
                "l2_leaf_reg": [
                    "_tune_",
                    "uniform",
                    0.1,
                    10.0
                ],
                "leaf_estimation_iterations": [
                    "_tune_",
                    "int",
                    1,
                    10
                ],
                "learning_rate": [
                    "_tune_",
                    "loguniform",
                    0.001,
                    1.0
                ],
                "task_type": "CPU",
                "thread_count": 4
            },
            "fit": {
                "logging_level": "Verbose"
            }
        }
    },
    "best": {
        "function": "bin.catboost_.main",
        "gpus": [],
        "config": {
            "seed": 0,
            "data": {
                "seed": 0,
                "num_policy": null,
                "cat_policy": null,
                "cache": true,
                "path": ":data/california",
                "y_policy": "standard"
            },
            "model": {
                "iterations": 4000,
                "early_stopping_rounds": 200,
                "od_pval": 0.001,
                "bagging_temperature": 0.6740476770505535,
                "depth": 8,
                "l2_leaf_reg": 1.6515416980300013,
                "leaf_estimation_iterations": 7,
                "learning_rate": 0.03423698442373933,
                "task_type": "CPU",
                "thread_count": 4
            },
            "fit": {
                "logging_level": "Verbose"
            }
        },
        "prediction_type": null,
        "time": "0:00:16",
        "best_iteration": 3991,
        "metrics": {
            "train": {
                "rmse": 0.12300581492823083,
                "mae": 0.08953776743052067,
                "r2": 0.9887670604675628,
                "score": -0.12300581492823083
            },
            "val": {
                "rmse": 0.4298064523706584,
                "mae": 0.2749928156783406,
                "r2": 0.8583189809083236,
                "score": -0.4298064523706584
            },
            "test": {
                "rmse": 0.4304132752829427,
                "mae": 0.27953976760524485,
                "r2": 0.8579279198371826,
                "score": -0.4304132752829427
            }
        },
        "trial_id": 146,
        "tuning_time": "1:07:46"
    },
    "time": "1:22:55",
    "n_completed_trials": 200
}
