{
    "function": "bin.tune.main",
    "gpus": [],
    "config": {
        "seed": 0,
        "function": "bin.catboost_.main",
        "n_trials": 200,
        "timeout": null,
        "sampler": {
            "n_startup_trials": 20
        },
        "space": {
            "seed": 0,
            "data": {
                "seed": 0,
                "num_policy": null,
                "cat_policy": null,
                "cache": true,
                "path": ":data/black-friday",
                "y_policy": "standard"
            },
            "model": {
                "iterations": 4000,
                "early_stopping_rounds": 200,
                "od_pval": 0.001,
                "bagging_temperature": [
                    "_tune_",
                    "uniform",
                    0.0,
                    1.0
                ],
                "depth": [
                    "_tune_",
                    "int",
                    3,
                    14
                ],
                "l2_leaf_reg": [
                    "_tune_",
                    "uniform",
                    0.1,
                    10.0
                ],
                "leaf_estimation_iterations": [
                    "_tune_",
                    "int",
                    1,
                    10
                ],
                "learning_rate": [
                    "_tune_",
                    "loguniform",
                    0.001,
                    1.0
                ],
                "task_type": "CPU",
                "thread_count": 4
            },
            "fit": {
                "logging_level": "Verbose"
            }
        }
    },
    "best": {
        "function": "bin.catboost_.main",
        "gpus": [],
        "config": {
            "seed": 0,
            "data": {
                "seed": 0,
                "num_policy": null,
                "cat_policy": null,
                "cache": true,
                "path": ":data/black-friday",
                "y_policy": "standard"
            },
            "model": {
                "iterations": 4000,
                "early_stopping_rounds": 200,
                "od_pval": 0.001,
                "bagging_temperature": 0.502359043421886,
                "depth": 9,
                "l2_leaf_reg": 7.4534308224425905,
                "leaf_estimation_iterations": 4,
                "learning_rate": 0.037146527365492,
                "task_type": "CPU",
                "thread_count": 4
            },
            "fit": {
                "logging_level": "Verbose"
            }
        },
        "prediction_type": null,
        "time": "0:01:27",
        "best_iteration": 2660,
        "metrics": {
            "train": {
                "rmse": 0.6496074016040742,
                "mae": 0.5019321485932972,
                "r2": 0.5772947931016248,
                "score": -0.6496074016040742
            },
            "val": {
                "rmse": 0.6813775101887576,
                "mae": 0.5265321467910257,
                "r2": 0.5344028837814151,
                "score": -0.6813775101887576
            },
            "test": {
                "rmse": 0.6817477925989239,
                "mae": 0.5280236662357729,
                "r2": 0.5387293700714513,
                "score": -0.6817477925989239
            }
        },
        "trial_id": 99,
        "tuning_time": "3:06:37"
    },
    "time": "5:41:55",
    "n_completed_trials": 200
}
