{
    "function": "bin.ensemble.main",
    "config": {
        "seeds": [
            5,
            6,
            7,
            8,
            9
        ]
    },
    "single_model_function": "bin.anp.main",
    "data": ":data/diamond",
    "prediction_type": null,
    "metrics": {
        "train": {
            "rmse": 0.12491729153412906,
            "mae": 0.06990062159055932,
            "r2": 0.9843219960140955,
            "score": -0.12491729153412906
        },
        "val": {
            "rmse": 0.13419421780769436,
            "mae": 0.07296628942686215,
            "r2": 0.9824092293444473,
            "score": -0.13419421780769436
        },
        "test": {
            "rmse": 0.13807051560248887,
            "mae": 0.07273493993762799,
            "r2": 0.980859981447943,
            "score": -0.13807051560248887
        }
    }
}
