{
    "function": "bin.ensemble.main",
    "config": {
        "seeds": [
            0,
            1,
            2,
            3,
            4
        ]
    },
    "single_model_function": "bin.catboost_.main",
    "data": ":data/adult",
    "prediction_type": "probs",
    "metrics": {
        "train": {
            "0": {
                "precision": 0.9090558766859345,
                "recall": 0.9543362831858407,
                "f1-score": 0.9311459232761812,
                "support": 19775
            },
            "1": {
                "precision": 0.8292360060514372,
                "recall": 0.6990275785110792,
                "f1-score": 0.7585848975002162,
                "support": 6273
            },
            "accuracy": 0.8928516584766585,
            "macro avg": {
                "precision": 0.8691459413686858,
                "recall": 0.82668193084846,
                "f1-score": 0.8448654103881987,
                "support": 26048
            },
            "weighted avg": {
                "precision": 0.8898332857580245,
                "recall": 0.8928516584766585,
                "f1-score": 0.8895889778411141,
                "support": 26048
            },
            "cross-entropy": 0.24448962503118818,
            "roc-auc": 0.9469880044974317,
            "score": 0.8928516584766585
        },
        "val": {
            "0": {
                "precision": 0.8943932411674347,
                "recall": 0.9419615773508595,
                "f1-score": 0.9175613119275092,
                "support": 4945
            },
            "1": {
                "precision": 0.7800766283524905,
                "recall": 0.6492346938775511,
                "f1-score": 0.7086668987121475,
                "support": 1568
            },
            "accuracy": 0.8714877936434823,
            "macro avg": {
                "precision": 0.8372349347599626,
                "recall": 0.7955981356142052,
                "f1-score": 0.8131141053198283,
                "support": 6513
            },
            "weighted avg": {
                "precision": 0.8668716000045554,
                "recall": 0.8714877936434823,
                "f1-score": 0.8672701342948227,
                "support": 6513
            },
            "cross-entropy": 0.27374900269395414,
            "roc-auc": 0.9312761808464538,
            "score": 0.8714877936434823
        },
        "test": {
            "0": {
                "precision": 0.8970667075132113,
                "recall": 0.9419380780056292,
                "f1-score": 0.9189549662639259,
                "support": 12435
            },
            "1": {
                "precision": 0.7760545905707196,
                "recall": 0.6505460218408736,
                "f1-score": 0.7077793493635078,
                "support": 3846
            },
            "accuracy": 0.8731036177138997,
            "macro avg": {
                "precision": 0.8365606490419655,
                "recall": 0.7962420499232514,
                "f1-score": 0.8133671578137169,
                "support": 16281
            },
            "weighted avg": {
                "precision": 0.8684804657737099,
                "recall": 0.8731036177138997,
                "f1-score": 0.8690697366957785,
                "support": 16281
            },
            "cross-entropy": 0.2757782559341133,
            "roc-auc": 0.9279245210821703,
            "score": 0.8731036177138997
        }
    }
}
