{
    "function": "bin.tune.main",
    "gpus": [],
    "config": {
        "seed": 0,
        "function": "bin.catboost_.main",
        "n_trials": 200,
        "timeout": null,
        "sampler": {
            "n_startup_trials": 20
        },
        "space": {
            "seed": 0,
            "data": {
                "seed": 0,
                "num_policy": null,
                "cat_policy": null,
                "cache": true,
                "path": ":data/adult",
                "y_policy": null
            },
            "model": {
                "iterations": 4000,
                "early_stopping_rounds": 200,
                "od_pval": 0.001,
                "bagging_temperature": [
                    "_tune_",
                    "uniform",
                    0.0,
                    1.0
                ],
                "depth": [
                    "_tune_",
                    "int",
                    3,
                    14
                ],
                "l2_leaf_reg": [
                    "_tune_",
                    "uniform",
                    0.1,
                    10.0
                ],
                "leaf_estimation_iterations": [
                    "_tune_",
                    "int",
                    1,
                    10
                ],
                "learning_rate": [
                    "_tune_",
                    "loguniform",
                    0.001,
                    1.0
                ],
                "task_type": "CPU",
                "thread_count": 4
            },
            "fit": {
                "logging_level": "Verbose"
            }
        }
    },
    "best": {
        "function": "bin.catboost_.main",
        "gpus": [],
        "config": {
            "seed": 0,
            "data": {
                "seed": 0,
                "num_policy": null,
                "cat_policy": null,
                "cache": true,
                "path": ":data/adult",
                "y_policy": null
            },
            "model": {
                "iterations": 4000,
                "early_stopping_rounds": 200,
                "od_pval": 0.001,
                "bagging_temperature": 0.6573996271166188,
                "depth": 10,
                "l2_leaf_reg": 9.523421628335239,
                "leaf_estimation_iterations": 5,
                "learning_rate": 0.01775079785751064,
                "task_type": "CPU",
                "thread_count": 4
            },
            "fit": {
                "logging_level": "Verbose"
            }
        },
        "prediction_type": "probs",
        "time": "0:01:02",
        "best_iteration": 1619,
        "metrics": {
            "train": {
                "0": {
                    "precision": 0.9112790641698358,
                    "recall": 0.9572692793931732,
                    "f1-score": 0.9337081976916247,
                    "support": 19775
                },
                "1": {
                    "precision": 0.8398104265402844,
                    "recall": 0.7062011796588554,
                    "f1-score": 0.767232421198476,
                    "support": 6273
                },
                "accuracy": 0.8968058968058968,
                "macro avg": {
                    "precision": 0.8755447453550601,
                    "recall": 0.8317352295260143,
                    "f1-score": 0.8504703094450503,
                    "support": 26048
                },
                "weighted avg": {
                    "precision": 0.8940676558524918,
                    "recall": 0.8968058968058968,
                    "f1-score": 0.8936167301723711,
                    "support": 26048
                },
                "cross-entropy": 0.2390466825063199,
                "roc-auc": 0.9507550610718423,
                "score": 0.8968058968058968
            },
            "val": {
                "0": {
                    "precision": 0.8972879399884593,
                    "recall": 0.9433771486349848,
                    "f1-score": 0.9197555205047319,
                    "support": 4945
                },
                "1": {
                    "precision": 0.786910197869102,
                    "recall": 0.6594387755102041,
                    "f1-score": 0.717557251908397,
                    "support": 1568
                },
                "accuracy": 0.8750191923844618,
                "macro avg": {
                    "precision": 0.8420990689287806,
                    "recall": 0.8014079620725945,
                    "f1-score": 0.8186563862065644,
                    "support": 6513
                },
                "weighted avg": {
                    "precision": 0.8707145790728824,
                    "recall": 0.8750191923844618,
                    "f1-score": 0.8710764348055068,
                    "support": 6513
                },
                "cross-entropy": 0.2768986230558341,
                "roc-auc": 0.9296522590330368,
                "score": 0.8750191923844618
            },
            "test": {
                "0": {
                    "precision": 0.8953035509736541,
                    "recall": 0.9428226779252111,
                    "f1-score": 0.918448883666275,
                    "support": 12435
                },
                "1": {
                    "precision": 0.7768361581920904,
                    "recall": 0.6435257410296412,
                    "f1-score": 0.703924914675768,
                    "support": 3846
                },
                "accuracy": 0.8721208770960015,
                "macro avg": {
                    "precision": 0.8360698545828722,
                    "recall": 0.7931742094774261,
                    "f1-score": 0.8111868991710215,
                    "support": 16281
                },
                "weighted avg": {
                    "precision": 0.8673184399462053,
                    "recall": 0.8721208770960015,
                    "f1-score": 0.8677726853530577,
                    "support": 16281
                },
                "cross-entropy": 0.2802810653680793,
                "roc-auc": 0.9255186669067084,
                "score": 0.8721208770960015
            }
        },
        "trial_id": 180,
        "tuning_time": "4:16:52"
    },
    "time": "4:44:28",
    "n_completed_trials": 200
}
