{
    "function": "bin.ensemble.main",
    "config": {
        "seeds": [
            5,
            6,
            7,
            8,
            9
        ]
    },
    "single_model_function": "bin.catboost_.main",
    "data": ":data/adult",
    "prediction_type": "probs",
    "metrics": {
        "train": {
            "0": {
                "precision": 0.906902009688714,
                "recall": 0.9561567635903919,
                "f1-score": 0.9308782985427334,
                "support": 19775
            },
            "1": {
                "precision": 0.8332371609924986,
                "recall": 0.6905786704925873,
                "f1-score": 0.7552301255230126,
                "support": 6273
            },
            "accuracy": 0.8921990171990172,
            "macro avg": {
                "precision": 0.8700695853406063,
                "recall": 0.8233677170414896,
                "f1-score": 0.843054212032873,
                "support": 26048
            },
            "weighted avg": {
                "precision": 0.8891616996506551,
                "recall": 0.8921990171990172,
                "f1-score": 0.8885778920104581,
                "support": 26048
            },
            "cross-entropy": 0.2483159435443677,
            "roc-auc": 0.9459585408377321,
            "score": 0.8921990171990172
        },
        "val": {
            "0": {
                "precision": 0.8949087415946205,
                "recall": 0.9419615773508595,
                "f1-score": 0.917832512315271,
                "support": 4945
            },
            "1": {
                "precision": 0.7805810397553516,
                "recall": 0.6511479591836735,
                "f1-score": 0.7100139082058414,
                "support": 1568
            },
            "accuracy": 0.8719484108705665,
            "macro avg": {
                "precision": 0.837744890674986,
                "recall": 0.7965547682672665,
                "f1-score": 0.8139232102605563,
                "support": 6513
            },
            "weighted avg": {
                "precision": 0.8673844307572225,
                "recall": 0.8719484108705665,
                "f1-score": 0.8678003349402387,
                "support": 6513
            },
            "cross-entropy": 0.27757233001172643,
            "roc-auc": 0.92941140814263,
            "score": 0.8719484108705665
        },
        "test": {
            "0": {
                "precision": 0.8958142377024136,
                "recall": 0.9431443506232409,
                "f1-score": 0.9188702158498844,
                "support": 12435
            },
            "1": {
                "precision": 0.7783004076513014,
                "recall": 0.6453458138325533,
                "f1-score": 0.7056147832267236,
                "support": 3846
            },
            "accuracy": 0.8727965112708065,
            "macro avg": {
                "precision": 0.8370573226768575,
                "recall": 0.794245082227897,
                "f1-score": 0.812242499538304,
                "support": 16281
            },
            "weighted avg": {
                "precision": 0.8680543832477378,
                "recall": 0.8727965112708065,
                "f1-score": 0.8684936791587305,
                "support": 16281
            },
            "cross-entropy": 0.28042020098358295,
            "roc-auc": 0.925515718658501,
            "score": 0.8727965112708065
        }
    }
}
