{
    "function": "bin.ensemble.main",
    "config": {
        "seeds": [
            5,
            6,
            7,
            8,
            9
        ]
    },
    "single_model_function": "bin.catboost_.main",
    "data": ":data/covtype",
    "prediction_type": "probs",
    "metrics": {
        "train": {
            "0": {
                "precision": 0.9418794998105343,
                "recall": 0.9166752717992595,
                "f1-score": 0.9291064860500583,
                "support": 135578
            },
            "1": {
                "precision": 0.9331062648307479,
                "recall": 0.9564452435580657,
                "f1-score": 0.9446316173646839,
                "support": 181312
            },
            "2": {
                "precision": 0.9489070090215128,
                "recall": 0.9561227165457565,
                "f1-score": 0.9525011972658801,
                "support": 22882
            },
            "3": {
                "precision": 0.946242774566474,
                "recall": 0.9306424104604889,
                "f1-score": 0.9383777586701061,
                "support": 1759
            },
            "4": {
                "precision": 0.9303362437302619,
                "recall": 0.8243621399176955,
                "f1-score": 0.8741490661546518,
                "support": 6075
            },
            "5": {
                "precision": 0.923441919883201,
                "recall": 0.9104813315339632,
                "f1-score": 0.916915828576606,
                "support": 11115
            },
            "6": {
                "precision": 0.9660269308156633,
                "recall": 0.951013256132866,
                "f1-score": 0.9584613022113023,
                "support": 13126
            },
            "accuracy": 0.9380793713543474,
            "macro avg": {
                "precision": 0.9414200918083422,
                "recall": 0.9208203385640135,
                "f1-score": 0.930591893756184,
                "support": 371847
            },
            "weighted avg": {
                "precision": 0.9381674512615333,
                "recall": 0.9380793713543474,
                "f1-score": 0.9379339457115505,
                "support": 371847
            },
            "cross-entropy": 0.19291405219842142,
            "score": 0.9380793713543474
        },
        "val": {
            "0": {
                "precision": 0.9302953125947486,
                "recall": 0.9052634684604944,
                "f1-score": 0.9176087086548238,
                "support": 33894
            },
            "1": {
                "precision": 0.9228555474421202,
                "recall": 0.947979174020473,
                "f1-score": 0.9352486668843183,
                "support": 45328
            },
            "2": {
                "precision": 0.9323646427953641,
                "recall": 0.9421429819961545,
                "f1-score": 0.937228308120327,
                "support": 5721
            },
            "3": {
                "precision": 0.8927738927738927,
                "recall": 0.8724373576309795,
                "f1-score": 0.8824884792626727,
                "support": 439
            },
            "4": {
                "precision": 0.8929976396538158,
                "recall": 0.7472021066491112,
                "f1-score": 0.8136200716845878,
                "support": 1519
            },
            "5": {
                "precision": 0.8961848862802642,
                "recall": 0.8790931989924433,
                "f1-score": 0.8875567665758402,
                "support": 2779
            },
            "6": {
                "precision": 0.9489255683587667,
                "recall": 0.9283973187081048,
                "f1-score": 0.9385492068381335,
                "support": 3282
            },
            "accuracy": 0.9256577956584411,
            "macro avg": {
                "precision": 0.9166282128427105,
                "recall": 0.8889308009225373,
                "f1-score": 0.9017571725743861,
                "support": 92962
            },
            "weighted avg": {
                "precision": 0.9256464616602839,
                "recall": 0.9256577956584411,
                "f1-score": 0.9253932184858068,
                "support": 92962
            },
            "cross-entropy": 0.21325632250196974,
            "score": 0.9256577956584411
        },
        "test": {
            "0": {
                "precision": 0.9315508021390374,
                "recall": 0.9045506042296072,
                "f1-score": 0.9178521818268907,
                "support": 42368
            },
            "1": {
                "precision": 0.9214041947488467,
                "recall": 0.9482360000705953,
                "f1-score": 0.9346275614932332,
                "support": 56661
            },
            "2": {
                "precision": 0.9261151774616766,
                "recall": 0.9377709411271151,
                "f1-score": 0.9319066147859923,
                "support": 7151
            },
            "3": {
                "precision": 0.8905660377358491,
                "recall": 0.8597449908925319,
                "f1-score": 0.8748841519925857,
                "support": 549
            },
            "4": {
                "precision": 0.8813880126182966,
                "recall": 0.7356503422854134,
                "f1-score": 0.8019517795637199,
                "support": 1899
            },
            "5": {
                "precision": 0.8840153076243744,
                "recall": 0.8646703138496976,
                "f1-score": 0.874235807860262,
                "support": 3473
            },
            "6": {
                "precision": 0.9512378094523631,
                "recall": 0.9273525109702584,
                "f1-score": 0.9391433156400445,
                "support": 4102
            },
            "accuracy": 0.9245372322573427,
            "macro avg": {
                "precision": 0.9123253345400635,
                "recall": 0.882567957632174,
                "f1-score": 0.8963716304518183,
                "support": 116203
            },
            "weighted avg": {
                "precision": 0.9245296278594509,
                "recall": 0.9245372322573427,
                "f1-score": 0.9242477593008271,
                "support": 116203
            },
            "cross-entropy": 0.21581548755563204,
            "score": 0.9245372322573427
        }
    }
}
