{
    "function": "bin.ensemble.main",
    "config": {
        "seeds": [
            0,
            1,
            2,
            3,
            4
        ]
    },
    "single_model_function": "bin.anp.main",
    "data": ":data/diamond",
    "prediction_type": null,
    "metrics": {
        "train": {
            "rmse": 0.12469002018731612,
            "mae": 0.06916133122418873,
            "r2": 0.984378992442294,
            "score": -0.12469002018731612
        },
        "val": {
            "rmse": 0.1327651317602177,
            "mae": 0.07169526971269397,
            "r2": 0.9827818962047935,
            "score": -0.1327651317602177
        },
        "test": {
            "rmse": 0.13565220769919387,
            "mae": 0.07180987780691388,
            "r2": 0.9815245853831601,
            "score": -0.13565220769919387
        }
    }
}
