{
    "function": "bin.ensemble.main",
    "config": {
        "seeds": [
            0,
            1,
            2,
            3,
            4
        ]
    },
    "single_model_function": "bin.catboost_.main",
    "data": ":data/churn",
    "prediction_type": "probs",
    "metrics": {
        "train": {
            "0": {
                "precision": 0.8768603827072998,
                "recall": 0.9711538461538461,
                "f1-score": 0.9216014897579143,
                "support": 5096
            },
            "1": {
                "precision": 0.8055555555555556,
                "recall": 0.46702453987730064,
                "f1-score": 0.59126213592233,
                "support": 1304
            },
            "accuracy": 0.8684375,
            "macro avg": {
                "precision": 0.8412079691314277,
                "recall": 0.7190891930155734,
                "f1-score": 0.7564318128401222,
                "support": 6400
            },
            "weighted avg": {
                "precision": 0.862332024175132,
                "recall": 0.8684375,
                "f1-score": 0.854294846413914,
                "support": 6400
            },
            "cross-entropy": 0.3219669867774744,
            "roc-auc": 0.8868061441188085,
            "score": 0.8684375
        },
        "val": {
            "0": {
                "precision": 0.8757022471910112,
                "recall": 0.978806907378336,
                "f1-score": 0.9243884358784283,
                "support": 1274
            },
            "1": {
                "precision": 0.8465909090909091,
                "recall": 0.4570552147239264,
                "f1-score": 0.5936254980079682,
                "support": 326
            },
            "accuracy": 0.8725,
            "macro avg": {
                "precision": 0.8611465781409602,
                "recall": 0.7179310610511311,
                "f1-score": 0.7590069669431982,
                "support": 1600
            },
            "weighted avg": {
                "precision": 0.8697708120531155,
                "recall": 0.8725,
                "f1-score": 0.8569954872873221,
                "support": 1600
            },
            "cross-entropy": 0.33593230086443704,
            "roc-auc": 0.8678501603567336,
            "score": 0.8725
        },
        "test": {
            "0": {
                "precision": 0.8664058133035215,
                "recall": 0.9730069052102951,
                "f1-score": 0.9166173861620343,
                "support": 1593
            },
            "1": {
                "precision": 0.7962085308056872,
                "recall": 0.41277641277641275,
                "f1-score": 0.5436893203883494,
                "support": 407
            },
            "accuracy": 0.859,
            "macro avg": {
                "precision": 0.8313071720546044,
                "recall": 0.6928916589933539,
                "f1-score": 0.7301533532751918,
                "support": 2000
            },
            "weighted avg": {
                "precision": 0.8521206663152122,
                "recall": 0.859,
                "f1-score": 0.8407265247770893,
                "support": 2000
            },
            "cross-entropy": 0.34444428772443847,
            "roc-auc": 0.8603827247895044,
            "score": 0.859
        }
    }
}
