{
    "function": "bin.ensemble.main",
    "config": {
        "seeds": [
            0,
            1,
            2,
            3,
            4
        ]
    },
    "single_model_function": "bin.anp.main",
    "data": ":data/black-friday",
    "prediction_type": null,
    "metrics": {
        "train": {
            "rmse": 0.6820437298157418,
            "mae": 0.530576240272528,
            "r2": 0.5340276901510278,
            "score": -0.6820437298157418
        },
        "val": {
            "rmse": 0.6947417954214716,
            "mae": 0.5410224211014593,
            "r2": 0.5159596735988521,
            "score": -0.6947417954214716
        },
        "test": {
            "rmse": 0.6959921818844229,
            "mae": 0.5429353413863685,
            "r2": 0.519252488854993,
            "score": -0.6959921818844229
        }
    }
}
