{
    "function": "bin.ensemble.main",
    "config": {
        "seeds": [
            0,
            1,
            2,
            3,
            4
        ]
    },
    "single_model_function": "bin.catboost_.main",
    "data": ":data/adult",
    "prediction_type": "probs",
    "metrics": {
        "train": {
            "0": {
                "precision": 0.9152844744455159,
                "recall": 0.9599494310998736,
                "f1-score": 0.9370850302357152,
                "support": 19775
            },
            "1": {
                "precision": 0.8507912584777694,
                "recall": 0.7199107285190499,
                "f1-score": 0.7798981089715913,
                "support": 6273
            },
            "accuracy": 0.902142199017199,
            "macro avg": {
                "precision": 0.8830378664616426,
                "recall": 0.8399300798094618,
                "f1-score": 0.8584915696036532,
                "support": 26048
            },
            "weighted avg": {
                "precision": 0.8997529194790819,
                "recall": 0.902142199017199,
                "f1-score": 0.8992305478535804,
                "support": 26048
            },
            "cross-entropy": 0.2284509955761342,
            "roc-auc": 0.9559806229132419,
            "score": 0.902142199017199
        },
        "val": {
            "0": {
                "precision": 0.8962463907603465,
                "recall": 0.9415571284125379,
                "f1-score": 0.9183431952662723,
                "support": 4945
            },
            "1": {
                "precision": 0.7807283763277694,
                "recall": 0.65625,
                "f1-score": 0.7130977130977131,
                "support": 1568
            },
            "accuracy": 0.8728696453247351,
            "macro avg": {
                "precision": 0.8384873835440579,
                "recall": 0.798903564206269,
                "f1-score": 0.8157204541819927,
                "support": 6513
            },
            "weighted avg": {
                "precision": 0.8684355130342172,
                "recall": 0.8728696453247351,
                "f1-score": 0.8689304951218995,
                "support": 6513
            },
            "cross-entropy": 0.27639695927845087,
            "roc-auc": 0.9300620602133673,
            "score": 0.8728696453247351
        },
        "test": {
            "0": {
                "precision": 0.8952235384027513,
                "recall": 0.9420184961801367,
                "f1-score": 0.9180250783699059,
                "support": 12435
            },
            "1": {
                "precision": 0.7744055068836045,
                "recall": 0.6435257410296412,
                "f1-score": 0.7029253053109913,
                "support": 3846
            },
            "accuracy": 0.8715066642098152,
            "macro avg": {
                "precision": 0.8348145226431779,
                "recall": 0.7927721186048889,
                "f1-score": 0.8104751918404486,
                "support": 16281
            },
            "weighted avg": {
                "precision": 0.8666831447400378,
                "recall": 0.8715066642098152,
                "f1-score": 0.8672128600058875,
                "support": 16281
            },
            "cross-entropy": 0.279516872475728,
            "roc-auc": 0.9259022319075312,
            "score": 0.8715066642098152
        }
    }
}
