{
    "function": "bin.ensemble.main",
    "config": {
        "seeds": [
            0,
            1,
            2,
            3,
            4
        ]
    },
    "single_model_function": "bin.catboost_.main",
    "data": ":data/covtype",
    "prediction_type": "probs",
    "metrics": {
        "train": {
            "0": {
                "precision": 0.9418190363564692,
                "recall": 0.9163802386817921,
                "f1-score": 0.9289255086095389,
                "support": 135578
            },
            "1": {
                "precision": 0.9330144827734619,
                "recall": 0.9565003971055418,
                "f1-score": 0.9446114796779852,
                "support": 181312
            },
            "2": {
                "precision": 0.9496637014536776,
                "recall": 0.9564286338606766,
                "f1-score": 0.9530341629107061,
                "support": 22882
            },
            "3": {
                "precision": 0.9483459082994776,
                "recall": 0.9289368959636157,
                "f1-score": 0.9385410683515222,
                "support": 1759
            },
            "4": {
                "precision": 0.9312198739340007,
                "recall": 0.8268312757201646,
                "f1-score": 0.8759264103234806,
                "support": 6075
            },
            "5": {
                "precision": 0.9241719134957569,
                "recall": 0.9112010796221323,
                "f1-score": 0.9176406632237021,
                "support": 11115
            },
            "6": {
                "precision": 0.964744085356425,
                "recall": 0.9506323327746458,
                "f1-score": 0.9576362240982348,
                "support": 13126
            },
            "accuracy": 0.9380578571294107,
            "macro avg": {
                "precision": 0.9418541430956097,
                "recall": 0.9209872648183669,
                "f1-score": 0.9309022167421671,
                "support": 371847
            },
            "weighted avg": {
                "precision": 0.9381481386112138,
                "recall": 0.9380578571294107,
                "f1-score": 0.9379132886820442,
                "support": 371847
            },
            "cross-entropy": 0.19287225859242638,
            "score": 0.9380578571294107
        },
        "val": {
            "0": {
                "precision": 0.9305311077389985,
                "recall": 0.9046143860270255,
                "f1-score": 0.9173897432828677,
                "support": 33894
            },
            "1": {
                "precision": 0.9223703131371666,
                "recall": 0.9481115425344158,
                "f1-score": 0.9350638047888947,
                "support": 45328
            },
            "2": {
                "precision": 0.9318377911993098,
                "recall": 0.9438909281594127,
                "f1-score": 0.93782563390066,
                "support": 5721
            },
            "3": {
                "precision": 0.8941176470588236,
                "recall": 0.8656036446469249,
                "f1-score": 0.8796296296296298,
                "support": 439
            },
            "4": {
                "precision": 0.8944050433412135,
                "recall": 0.7472021066491112,
                "f1-score": 0.814203730272597,
                "support": 1519
            },
            "5": {
                "precision": 0.8939838591342627,
                "recall": 0.8769341489744512,
                "f1-score": 0.8853769300635786,
                "support": 2779
            },
            "6": {
                "precision": 0.9478776529338327,
                "recall": 0.9253503960999391,
                "f1-score": 0.9364785692260253,
                "support": 3282
            },
            "accuracy": 0.9253888685699533,
            "macro avg": {
                "precision": 0.9164462020776581,
                "recall": 0.8873867361558972,
                "f1-score": 0.900852577309179,
                "support": 92962
            },
            "weighted avg": {
                "precision": 0.9253899596867046,
                "recall": 0.9253888685699533,
                "f1-score": 0.9251177747938317,
                "support": 92962
            },
            "cross-entropy": 0.21307640472974013,
            "score": 0.9253888685699533
        },
        "test": {
            "0": {
                "precision": 0.9308777048383176,
                "recall": 0.9036773036253777,
                "f1-score": 0.9170758581043857,
                "support": 42368
            },
            "1": {
                "precision": 0.9208662699977709,
                "recall": 0.9478124283016537,
                "f1-score": 0.9341450687076013,
                "support": 56661
            },
            "2": {
                "precision": 0.9258283654512686,
                "recall": 0.9338554048384842,
                "f1-score": 0.9298245614035087,
                "support": 7151
            },
            "3": {
                "precision": 0.8878504672897196,
                "recall": 0.8652094717668488,
                "f1-score": 0.8763837638376384,
                "support": 549
            },
            "4": {
                "precision": 0.8831658291457286,
                "recall": 0.7403896787783044,
                "f1-score": 0.8054998567745631,
                "support": 1899
            },
            "5": {
                "precision": 0.8790534618755478,
                "recall": 0.8663979268643823,
                "f1-score": 0.8726798143851507,
                "support": 3473
            },
            "6": {
                "precision": 0.9511400651465798,
                "recall": 0.9254022428083861,
                "f1-score": 0.9380946496972692,
                "support": 4102
            },
            "accuracy": 0.9238573875029044,
            "macro avg": {
                "precision": 0.9112545948207048,
                "recall": 0.883249208140491,
                "f1-score": 0.8962433675585882,
                "support": 116203
            },
            "weighted avg": {
                "precision": 0.9238687469401855,
                "recall": 0.9238573875029044,
                "f1-score": 0.9235828618502455,
                "support": 116203
            },
            "cross-entropy": 0.21571682569812808,
            "score": 0.9238573875029044
        }
    }
}
