{
    "function": "bin.ensemble.main",
    "config": {
        "seeds": [
            5,
            6,
            7,
            8,
            9
        ]
    },
    "single_model_function": "bin.catboost_.main",
    "data": ":data/churn",
    "prediction_type": "probs",
    "metrics": {
        "train": {
            "0": {
                "precision": 0.8758401131941987,
                "recall": 0.9717425431711146,
                "f1-score": 0.9213023255813955,
                "support": 5096
            },
            "1": {
                "precision": 0.806970509383378,
                "recall": 0.4616564417177914,
                "f1-score": 0.5873170731707317,
                "support": 1304
            },
            "accuracy": 0.8678125,
            "macro avg": {
                "precision": 0.8414053112887884,
                "recall": 0.716699492444453,
                "f1-score": 0.7543096993760636,
                "support": 6400
            },
            "weighted avg": {
                "precision": 0.861807931417744,
                "recall": 0.8678125,
                "f1-score": 0.8532528304027227,
                "support": 6400
            },
            "cross-entropy": 0.3282349332953533,
            "roc-auc": 0.8830303269254847,
            "score": 0.8678125
        },
        "val": {
            "0": {
                "precision": 0.8758765778401122,
                "recall": 0.9803767660910518,
                "f1-score": 0.9251851851851851,
                "support": 1274
            },
            "1": {
                "precision": 0.8563218390804598,
                "recall": 0.4570552147239264,
                "f1-score": 0.596,
                "support": 326
            },
            "accuracy": 0.87375,
            "macro avg": {
                "precision": 0.866099208460286,
                "recall": 0.7187159904074891,
                "f1-score": 0.7605925925925925,
                "support": 1600
            },
            "weighted avg": {
                "precision": 0.8718922998178331,
                "recall": 0.87375,
                "f1-score": 0.8581137037037037,
                "support": 1600
            },
            "cross-entropy": 0.3395186313811611,
            "roc-auc": 0.8670074447900915,
            "score": 0.87375
        },
        "test": {
            "0": {
                "precision": 0.8652561247216035,
                "recall": 0.975517890772128,
                "f1-score": 0.9170846857480082,
                "support": 1593
            },
            "1": {
                "precision": 0.8088235294117647,
                "recall": 0.40540540540540543,
                "f1-score": 0.5400981996726677,
                "support": 407
            },
            "accuracy": 0.8595,
            "macro avg": {
                "precision": 0.8370398270666841,
                "recall": 0.6904616480887668,
                "f1-score": 0.7285914427103379,
                "support": 2000
            },
            "weighted avg": {
                "precision": 0.8537720915760514,
                "recall": 0.8595,
                "f1-score": 0.8403679358316763,
                "support": 2000
            },
            "cross-entropy": 0.3471917027504147,
            "roc-auc": 0.8604690977572335,
            "score": 0.8595
        }
    }
}
