{
    "function": "bin.ensemble.main",
    "config": {
        "seeds": [
            5,
            6,
            7,
            8,
            9
        ]
    },
    "single_model_function": "bin.catboost_.main",
    "data": ":data/california",
    "prediction_type": null,
    "metrics": {
        "train": {
            "rmse": 0.2612254039583503,
            "mae": 0.18431959266786221,
            "r2": 0.9493390937102202,
            "score": -0.2612254039583503
        },
        "val": {
            "rmse": 0.4348823789436748,
            "mae": 0.28228865419646915,
            "r2": 0.8549527725758845,
            "score": -0.4348823789436748
        },
        "test": {
            "rmse": 0.4310670114454665,
            "mae": 0.2827553143640558,
            "r2": 0.8574960177757982,
            "score": -0.4310670114454665
        }
    }
}
