{
    "function": "bin.ensemble.main",
    "config": {
        "seeds": [
            5,
            6,
            7,
            8,
            9
        ]
    },
    "single_model_function": "bin.anp.main",
    "data": ":data/california",
    "prediction_type": null,
    "metrics": {
        "train": {
            "rmse": 0.3903828089644848,
            "mae": 0.25207944575764607,
            "r2": 0.8868580932863436,
            "score": -0.3903828089644848
        },
        "val": {
            "rmse": 0.4575949131601359,
            "mae": 0.28755884707744883,
            "r2": 0.8394064066572916,
            "score": -0.4575949131601359
        },
        "test": {
            "rmse": 0.4495715598780522,
            "mae": 0.28882477834552844,
            "r2": 0.84499880186736,
            "score": -0.4495715598780522
        }
    }
}
