{
    "function": "bin.ensemble.main",
    "config": {
        "seeds": [
            10,
            11,
            12,
            13,
            14
        ]
    },
    "single_model_function": "bin.catboost_.main",
    "data": ":data/black-friday",
    "prediction_type": null,
    "metrics": {
        "train": {
            "rmse": 0.6700496314290466,
            "mae": 0.5192731496318781,
            "r2": 0.5502723250797652,
            "score": -0.6700496314290466
        },
        "val": {
            "rmse": 0.6842483968333701,
            "mae": 0.5298535503786836,
            "r2": 0.5304711646672091,
            "score": -0.6842483968333701
        },
        "test": {
            "rmse": 0.684394335043361,
            "mae": 0.5308883182438097,
            "r2": 0.5351411169650515,
            "score": -0.684394335043361
        }
    }
}
