{
    "function": "bin.ensemble.main",
    "config": {
        "seeds": [
            10,
            11,
            12,
            13,
            14
        ]
    },
    "single_model_function": "bin.catboost_.main",
    "data": ":data/black-friday",
    "prediction_type": null,
    "metrics": {
        "train": {
            "rmse": 0.6508758958620358,
            "mae": 0.5031097549392711,
            "r2": 0.5756423407222865,
            "score": -0.6508758958620358
        },
        "val": {
            "rmse": 0.680916476723804,
            "mae": 0.5263899777035509,
            "r2": 0.5350327350117889,
            "score": -0.680916476723804
        },
        "test": {
            "rmse": 0.6815241844055618,
            "mae": 0.5281481952802033,
            "r2": 0.5390319071038115,
            "score": -0.6815241844055618
        }
    }
}
