{
    "function": "bin.ensemble.main",
    "config": {
        "seeds": [
            0,
            1,
            2,
            3,
            4
        ]
    },
    "single_model_function": "bin.catboost_.main",
    "data": ":data/california",
    "prediction_type": null,
    "metrics": {
        "train": {
            "rmse": 0.2615638509866737,
            "mae": 0.18454846923303256,
            "r2": 0.949207734812979,
            "score": -0.2615638509866737
        },
        "val": {
            "rmse": 0.4345934670129341,
            "mae": 0.281706511288058,
            "r2": 0.8551454313570774,
            "score": -0.4345934670129341
        },
        "test": {
            "rmse": 0.4320089056426376,
            "mae": 0.2834032149035672,
            "r2": 0.8568725865610866,
            "score": -0.4320089056426376
        }
    }
}
