{
    "function": "bin.ensemble.main",
    "config": {
        "seeds": [
            0,
            1,
            2,
            3,
            4
        ]
    },
    "single_model_function": "bin.anp.main",
    "data": ":data/california",
    "prediction_type": null,
    "metrics": {
        "train": {
            "rmse": 0.38321775248998635,
            "mae": 0.2439728335174678,
            "r2": 0.8909731689771999,
            "score": -0.38321775248998635
        },
        "val": {
            "rmse": 0.45343542176729973,
            "mae": 0.286896844577301,
            "r2": 0.8423127163329516,
            "score": -0.45343542176729973
        },
        "test": {
            "rmse": 0.448329789670775,
            "mae": 0.2871749689851324,
            "r2": 0.8458538744484655,
            "score": -0.448329789670775
        }
    }
}
